// 'navigate_right2', 16x16px
const unsigned char bitmap_icon_navigate_right2 [] PROGMEM = {
	0x00, 0x00, 0x00, 0x00, 0x30, 0x80, 0x79, 0xc0, 0x3d, 0xe0, 0x1e, 0xf0, 0x0f, 0x7c, 0x07, 0xbe, 
	0x07, 0xbe, 0x0f, 0x7c, 0x1e, 0xf0, 0x3d, 0xe0, 0x79, 0xc0, 0x30, 0x80, 0x00, 0x00, 0x00, 0x00
};
// 'navigate_right', 16x16px
const unsigned char bitmap_icon_navigate_right [] PROGMEM = {
	0x00, 0x00, 0x00, 0x00, 0x06, 0x00, 0x0f, 0x00, 0x07, 0x80, 0x03, 0xc0, 0x01, 0xe0, 0x00, 0xf0, 
	0x00, 0xf0, 0x01, 0xe0, 0x03, 0xc0, 0x07, 0x80, 0x0f, 0x00, 0x06, 0x00, 0x00, 0x00, 0x00, 0x00
};
// 'navigate_left', 16x16px
const unsigned char bitmap_icon_navigate_left [] PROGMEM = {
	0x00, 0x00, 0x00, 0x00, 0x00, 0x60, 0x00, 0xf0, 0x01, 0xe0, 0x03, 0xc0, 0x07, 0x80, 0x0f, 0x00, 
	0x0f, 0x00, 0x07, 0x80, 0x03, 0xc0, 0x01, 0xe0, 0x00, 0xf0, 0x00, 0x60, 0x00, 0x00, 0x00, 0x00
};
// 'navigate_left2', 16x16px
const unsigned char bitmap_icon_navigate_left2 [] PROGMEM = {
	0x00, 0x00, 0x00, 0x00, 0x01, 0x0c, 0x03, 0x9e, 0x07, 0xbc, 0x0f, 0x78, 0x3e, 0xf0, 0x7d, 0xe0, 
	0x7d, 0xe0, 0x3e, 0xf0, 0x0f, 0x78, 0x07, 0xbc, 0x03, 0x9e, 0x01, 0x0c, 0x00, 0x00, 0x00, 0x00
};
// 'rfid_chip', 16x16px
const unsigned char bitmap_icon_rfid_chip [] PROGMEM = {
	0x00, 0x00, 0x00, 0x00, 0x3f, 0xfc, 0x20, 0x04, 0x2f, 0xf4, 0x28, 0x14, 0x2b, 0xd4, 0x2b, 0xd4, 
	0x2b, 0xd4, 0x2b, 0xd4, 0x2a, 0x14, 0x29, 0xf4, 0x24, 0x04, 0x33, 0xfc, 0x00, 0x00, 0x00, 0x00
};
// 'about', 16x16px
const unsigned char bitmap_icon_about [] PROGMEM = {
	0x00, 0x00, 0x03, 0xc0, 0x08, 0x10, 0x11, 0x88, 0x21, 0x84, 0x01, 0x80, 0x41, 0x82, 0x41, 0x82, 
	0x41, 0x82, 0x41, 0x82, 0x00, 0x00, 0x21, 0x84, 0x11, 0x88, 0x08, 0x10, 0x03, 0xc0, 0x00, 0x00
};
// 'tools', 16x16px
const unsigned char bitmap_icon_tools [] PROGMEM = {
	0x00, 0x00, 0x0e, 0x00, 0x07, 0x30, 0x03, 0x9c, 0x43, 0x9c, 0x63, 0xbf, 0x7f, 0xa7, 0x3f, 0xc2, 
	0x1f, 0xe0, 0x05, 0xf0, 0x0e, 0xf8, 0x1e, 0x74, 0x1c, 0x24, 0x18, 0x18, 0x00, 0x00, 0x00, 0x00
};
// 'remote_control', 16x16px
const unsigned char bitmap_icon_remote_control [] PROGMEM = {
	0x1e, 0x00, 0x61, 0x80, 0x0c, 0x00, 0x12, 0x00, 0x00, 0x00, 0x1f, 0xc0, 0x12, 0x40, 0x12, 0x40, 
	0x1f, 0xc0, 0x12, 0x40, 0x12, 0x40, 0x1f, 0xc0, 0x12, 0x40, 0x12, 0x40, 0x1f, 0xc0, 0x00, 0x00
};
// 'minus', 16x16px
const unsigned char bitmap_icon_minus [] PROGMEM = {
	0x00, 0x00, 0x00, 0x00, 0x00, 0x00, 0x00, 0x00, 0x00, 0x00, 0x00, 0x00, 0x7f, 0xfe, 0x7f, 0xfe, 
	0x7f, 0xfe, 0x7f, 0xfe, 0x00, 0x00, 0x00, 0x00, 0x00, 0x00, 0x00, 0x00, 0x00, 0x00, 0x00, 0x00
};
// 'eye_blind', 16x16px
const unsigned char bitmap_icon_eye_blind [] PROGMEM = {
	0x00, 0x00, 0x00, 0x00, 0x07, 0xc0, 0x18, 0x30, 0x23, 0x88, 0x45, 0x44, 0x8a, 0xa2, 0x8d, 0x62, 
	0x8a, 0xa2, 0x45, 0x44, 0x23, 0x88, 0x18, 0x30, 0x07, 0xc0, 0x00, 0x00, 0x00, 0x00, 0x00, 0x00
};
// 'rss', 16x16px
const unsigned char bitmap_icon_rss [] PROGMEM = {
	0x00, 0x00, 0x00, 0x00, 0x38, 0x00, 0x3f, 0x00, 0x07, 0x80, 0x01, 0xc0, 0x38, 0x60, 0x3e, 0x30, 
	0x07, 0x38, 0x03, 0x98, 0x01, 0x98, 0x38, 0xcc, 0x38, 0xcc, 0x18, 0xcc, 0x00, 0x00, 0x00, 0x00
};
// 'graph_self_loop', 16x16px
const unsigned char bitmap_icon_graph_self_loop [] PROGMEM = {
	0x00, 0x00, 0x00, 0x00, 0x01, 0xe0, 0x02, 0x10, 0x04, 0x08, 0x2a, 0x04, 0x3e, 0x04, 0x1c, 0x04, 
	0x00, 0x04, 0x1c, 0x08, 0x22, 0x10, 0x23, 0xe0, 0x22, 0x00, 0x1c, 0x00, 0x00, 0x00, 0x00, 0x00
};
// 'contrast', 16x16px
const unsigned char bitmap_icon_contrast [] PROGMEM = {
	0x00, 0x00, 0x00, 0x00, 0x03, 0xc0, 0x0c, 0xf0, 0x10, 0xf8, 0x10, 0xf8, 0x20, 0xfc, 0x20, 0xfc, 
	0x20, 0xfc, 0x20, 0xfc, 0x10, 0xf8, 0x10, 0xf8, 0x0c, 0xf0, 0x03, 0xc0, 0x00, 0x00, 0x00, 0x00
};
// 'window_oscillograph', 16x16px
const unsigned char bitmap_icon_window_oscillograph [] PROGMEM = {
	0x00, 0x00, 0x00, 0x00, 0x7f, 0xfe, 0x7f, 0xfe, 0x7f, 0xfe, 0x40, 0x82, 0x40, 0x82, 0x41, 0x82, 
	0x47, 0xf2, 0x7f, 0xfe, 0x44, 0xc2, 0x40, 0x42, 0x40, 0x42, 0x7f, 0xfe, 0x00, 0x00, 0x00, 0x00
};
// 'graph_claw', 16x16px
const unsigned char bitmap_icon_graph_claw [] PROGMEM = {
	0x38, 0x00, 0x44, 0x00, 0x46, 0x00, 0x45, 0x00, 0x38, 0xc0, 0x38, 0x3c, 0x44, 0x22, 0x47, 0xe2, 
	0x44, 0x22, 0x38, 0x3c, 0x38, 0xc0, 0x45, 0x00, 0x46, 0x00, 0x44, 0x00, 0x38, 0x00, 0x00, 0x00
};
// 'dot_matrix', 16x16px
const unsigned char bitmap_icon_dot_matrix [] PROGMEM = {
	0x00, 0x00, 0x3f, 0xfe, 0x24, 0xf2, 0x24, 0xf2, 0x3f, 0xfe, 0x3c, 0x9e, 0x3c, 0x9e, 0x3f, 0xfe, 
	0x24, 0xf2, 0x24, 0xf2, 0x3f, 0xfe, 0x3f, 0x92, 0x3f, 0x92, 0x3f, 0xfe, 0x00, 0x00, 0x00, 0x00
};
// 'selection', 16x16px
const unsigned char bitmap_icon_selection [] PROGMEM = {
	0x00, 0x00, 0x00, 0x00, 0x2d, 0xb4, 0x00, 0x00, 0x20, 0x04, 0x20, 0x04, 0x00, 0x00, 0x20, 0x04, 
	0x20, 0x04, 0x00, 0x00, 0x20, 0x04, 0x20, 0x04, 0x00, 0x00, 0x2d, 0xb4, 0x00, 0x00, 0x00, 0x00
};
// 'bell', 16x16px
const unsigned char bitmap_icon_bell [] PROGMEM = {
	0x00, 0x00, 0x01, 0xc0, 0x01, 0x40, 0x01, 0xc0, 0x06, 0x70, 0x04, 0xf0, 0x01, 0xf0, 0x09, 0xf0, 
	0x09, 0xf0, 0x09, 0xf8, 0x0b, 0xf8, 0x0f, 0xf8, 0x1f, 0xfc, 0x01, 0xc0, 0x01, 0xc0, 0x00, 0x00
};
// 'chart_dot', 16x16px
const unsigned char bitmap_icon_chart_dot [] PROGMEM = {
	0x00, 0x00, 0x00, 0x00, 0x40, 0x30, 0x58, 0x30, 0x58, 0x06, 0x43, 0x06, 0x43, 0x00, 0x40, 0x60, 
	0x40, 0x6c, 0x4c, 0x0c, 0x4c, 0x00, 0x41, 0x86, 0x41, 0x86, 0x40, 0x00, 0x7f, 0xfe, 0x00, 0x00
};
// 'antenna', 16x16px
const unsigned char bitmap_icon_antenna2 [] PROGMEM = {
	0x00, 0x00, 0x10, 0x08, 0x20, 0x04, 0x08, 0x10, 0x52, 0x2a, 0x55, 0xaa, 0x55, 0xaa, 0x52, 0x2a, 
	0x09, 0x90, 0x21, 0x84, 0x12, 0x48, 0x03, 0xc0, 0x02, 0x40, 0x07, 0xe0, 0x04, 0x20, 0x08, 0x10
};
// 'devil', 16x16px
const unsigned char bitmap_icon_devil [] PROGMEM = {
	0x00, 0x00, 0x03, 0xc0, 0x1b, 0xd8, 0x0b, 0xd0, 0x03, 0xc0, 0x0f, 0xf0, 0x0f, 0xf0, 0x07, 0xe0, 
	0x01, 0x80, 0x00, 0x00, 0x0d, 0xb0, 0x1d, 0xb8, 0x1f, 0xf8, 0x1e, 0x78, 0x07, 0xe0, 0x00, 0x00
};
// 'document_gear', 16x16px
const unsigned char bitmap_icon_document_gear [] PROGMEM = {
	0x00, 0x00, 0x3f, 0xe0, 0x20, 0x30, 0x20, 0x28, 0x20, 0x3c, 0x22, 0x44, 0x23, 0xc4, 0x2f, 0xf4, 
	0x26, 0x64, 0x2e, 0x74, 0x27, 0xe4, 0x27, 0xe4, 0x21, 0x84, 0x20, 0x04, 0x3f, 0xfc, 0x00, 0x00
};
// 'satellite_dish', 16x16px
const unsigned char bitmap_icon_satellite_dish [] PROGMEM = {
	0x00, 0x00, 0x01, 0x00, 0x03, 0x00, 0x03, 0x80, 0x07, 0x8c, 0x07, 0xdc, 0x07, 0xc0, 0x03, 0xe0, 
	0x03, 0xe0, 0x01, 0xf0, 0x01, 0xf0, 0x03, 0x38, 0x07, 0x80, 0x0f, 0xe0, 0x0f, 0xe0, 0x00, 0x00
};
// 'cpu2', 16x16px
const unsigned char bitmap_icon_cpu2 [] PROGMEM = {
	0x00, 0x00, 0x04, 0x20, 0x34, 0x2c, 0x3f, 0xfc, 0x18, 0x18, 0x77, 0xee, 0x17, 0xe8, 0x17, 0xe8, 
	0x17, 0xe8, 0x17, 0xe8, 0x76, 0x6e, 0x18, 0x18, 0x3f, 0xfc, 0x34, 0x2c, 0x04, 0x20, 0x00, 0x00
};
// 'bomb2', 16x16px
const unsigned char bitmap_icon_bomb2 [] PROGMEM = {
	0x00, 0x00, 0x00, 0x00, 0x00, 0x00, 0x00, 0x00, 0x0f, 0x0e, 0x31, 0xde, 0x4f, 0xee, 0x5f, 0xfe, 
	0x5f, 0xfe, 0x7f, 0xee, 0x3f, 0xde, 0x0f, 0x0e, 0x00, 0x00, 0x00, 0x00, 0x00, 0x00, 0x00, 0x00
};
// 'box_closed', 16x16px
const unsigned char bitmap_icon_box_closed [] PROGMEM = {
	0x00, 0x00, 0x01, 0x00, 0x04, 0xe0, 0x11, 0xe0, 0x67, 0x8c, 0x5e, 0x3c, 0x58, 0xc4, 0x59, 0x04, 
	0x41, 0x04, 0x41, 0x04, 0x41, 0x04, 0x61, 0x0c, 0x39, 0x38, 0x0f, 0xe0, 0x03, 0x80, 0x00, 0x00
};
// 'compass', 16x16px
const unsigned char bitmap_icon_compass [] PROGMEM = {
	0x00, 0x00, 0x03, 0xc0, 0x08, 0x10, 0x10, 0x08, 0x29, 0x84, 0x07, 0x00, 0x47, 0x82, 0x4a, 0x52, 
	0x4a, 0x52, 0x41, 0xe2, 0x00, 0x60, 0x21, 0x94, 0x10, 0x08, 0x08, 0x10, 0x03, 0xc0, 0x00, 0x00
};
// 'satellite', 16x16px
const unsigned char bitmap_icon_satellite [] PROGMEM = {
	0x00, 0x00, 0x00, 0x10, 0x04, 0x38, 0x0c, 0x7c, 0x1e, 0x78, 0x3f, 0x70, 0x0f, 0xc0, 0x07, 0xc0, 
	0x03, 0xb8, 0x1f, 0x70, 0x3c, 0xe2, 0x7c, 0xca, 0x38, 0x92, 0x10, 0x04, 0x00, 0x38, 0x00, 0x00
};
// 'environment', 16x16px
const unsigned char bitmap_icon_environment [] PROGMEM = {
	0x07, 0xc0, 0x1d, 0x70, 0x29, 0x28, 0x7f, 0xfc, 0x41, 0x04, 0x91, 0x12, 0x91, 0x12, 0xff, 0xfe, 
	0x91, 0x12, 0x91, 0x12, 0x41, 0x04, 0x7f, 0xfc, 0x29, 0x28, 0x1d, 0x70, 0x07, 0xc0, 0x00, 0x00
};
// 'sun_half', 16x16px
const unsigned char bitmap_icon_sun_half [] PROGMEM = {
	0x00, 0x00, 0x02, 0x00, 0x02, 0x00, 0x10, 0x00, 0x03, 0xc0, 0x04, 0xe0, 0x68, 0xf0, 0x08, 0xf0, 
	0x08, 0xf0, 0x68, 0xf0, 0x04, 0xe0, 0x03, 0xc0, 0x10, 0x00, 0x02, 0x00, 0x02, 0x00, 0x00, 0x00
};
// 'lightbulb_off', 16x16px
const unsigned char bitmap_icon_lightbulb_off [] PROGMEM = {
	0x00, 0x00, 0x03, 0xc0, 0x0c, 0x30, 0x08, 0x10, 0x10, 0x08, 0x10, 0x08, 0x10, 0x08, 0x08, 0x10, 
	0x08, 0x10, 0x04, 0x20, 0x04, 0x20, 0x07, 0xe0, 0x00, 0x00, 0x03, 0xc0, 0x03, 0xc0, 0x03, 0xc0
};
// 'lock_open', 16x16px
const unsigned char bitmap_icon_lock_open [] PROGMEM = {
	0x00, 0x00, 0x03, 0xc0, 0x07, 0xe0, 0x0c, 0x30, 0x00, 0x18, 0x00, 0x18, 0x00, 0x18, 0x00, 0x00, 
	0x3f, 0xfc, 0x3f, 0xfc, 0x3e, 0x7c, 0x3e, 0x7c, 0x3e, 0x7c, 0x3e, 0x7c, 0x3f, 0xfc, 0x00, 0x00
};
// 'fingerprint', 16x16px
const unsigned char bitmap_icon_fingerprint [] PROGMEM = {
	0x00, 0x00, 0x03, 0x80, 0x00, 0x30, 0x0f, 0x80, 0x10, 0x60, 0x0f, 0x90, 0x30, 0x68, 0x27, 0x34, 
	0x18, 0xd0, 0x17, 0x48, 0x28, 0xa8, 0x0a, 0xa8, 0x0a, 0xa8, 0x0a, 0xa0, 0x00, 0x80, 0x00, 0x00
};
// 'surveillance_camera2', 16x16px
const unsigned char bitmap_icon_surveillance_camera2 [] PROGMEM = {
	0x00, 0x00, 0x00, 0x00, 0x00, 0x00, 0x00, 0x3c, 0x00, 0xfc, 0x03, 0xfe, 0x0f, 0xfe, 0x3f, 0xf8, 
	0x3f, 0xb2, 0x03, 0xe2, 0x1c, 0x1e, 0x00, 0x7e, 0x00, 0x02, 0x00, 0x02, 0x00, 0x00, 0x00, 0x00
};
// 'sign_forbidden', 16x16px
const unsigned char bitmap_icon_sign_forbidden [] PROGMEM = {
	0x00, 0x00, 0x03, 0xc0, 0x0f, 0xf0, 0x1c, 0x38, 0x30, 0x3c, 0x30, 0x7c, 0x60, 0xe6, 0x61, 0xc6, 
	0x63, 0x86, 0x67, 0x06, 0x3e, 0x0c, 0x3c, 0x0c, 0x1c, 0x38, 0x0f, 0xf0, 0x03, 0xc0, 0x00, 0x00
};
// 'document_tag', 16x16px
const unsigned char bitmap_icon_document_tag [] PROGMEM = {
	0x00, 0x00, 0x3f, 0xe0, 0x20, 0x30, 0x20, 0x28, 0x20, 0x3c, 0x20, 0x04, 0x20, 0x04, 0x20, 0x04, 
	0x26, 0x64, 0x2c, 0x34, 0x2c, 0x34, 0x26, 0x64, 0x20, 0x04, 0x20, 0x04, 0x3f, 0xfc, 0x00, 0x00
};
// 'tags', 16x16px
const unsigned char bitmap_icon_tags [] PROGMEM = {
	0x00, 0x00, 0x3f, 0x00, 0x01, 0x80, 0x7e, 0x40, 0x4f, 0x20, 0x58, 0x90, 0x70, 0x48, 0x60, 0x24, 
	0x60, 0x14, 0x20, 0x08, 0x10, 0x18, 0x08, 0x30, 0x04, 0x60, 0x02, 0xc0, 0x01, 0x80, 0x00, 0x00
};
// 'code', 16x16px
const unsigned char bitmap_icon_code [] PROGMEM = {
	0x00, 0x00, 0x3f, 0xfc, 0x20, 0x04, 0x2e, 0x04, 0x20, 0x04, 0x23, 0xc4, 0x20, 0x04, 0x20, 0xf4, 
	0x20, 0x04, 0x23, 0x84, 0x20, 0x04, 0x23, 0xe4, 0x20, 0x04, 0x2e, 0x04, 0x20, 0x04, 0x3f, 0xfc
};
// 'checks', 16x16px
const unsigned char bitmap_icon_checks [] PROGMEM = {
	0x00, 0x18, 0x00, 0x3c, 0x00, 0x7c, 0x18, 0xf8, 0x3d, 0xf0, 0x3f, 0xe0, 0x1f, 0xd8, 0x0f, 0xbc, 
	0x07, 0x78, 0x18, 0xf0, 0x3d, 0xe0, 0x1f, 0xc0, 0x0f, 0x80, 0x07, 0x00, 0x02, 0x00, 0x00, 0x00
};
// 'selection_view', 16x16px
const unsigned char bitmap_icon_selection_view [] PROGMEM = {
	0x00, 0x00, 0x00, 0x00, 0x2d, 0xb4, 0x00, 0x00, 0x23, 0x04, 0x24, 0x84, 0x08, 0x40, 0x28, 0x44, 
	0x2c, 0xc4, 0x03, 0xe0, 0x20, 0x74, 0x20, 0x34, 0x00, 0x00, 0x2d, 0xb4, 0x00, 0x00, 0x00, 0x00
};
// 'magnifying_glass', 16x16px
const unsigned char bitmap_icon_magnifying_glass [] PROGMEM = {
	0x00, 0x00, 0x0f, 0x00, 0x10, 0xc0, 0x20, 0x40, 0x40, 0x20, 0x40, 0x20, 0x40, 0x20, 0x40, 0x20, 
	0x20, 0x40, 0x30, 0xc0, 0x0f, 0x38, 0x00, 0x3c, 0x00, 0x3e, 0x00, 0x1f, 0x00, 0x0f, 0x00, 0x06
};
// 'dots', 16x16px
const unsigned char bitmap_icon_dots [] PROGMEM = {
	0x00, 0x00, 0x00, 0x00, 0x00, 0x00, 0x00, 0x00, 0x00, 0x00, 0x00, 0x00, 0x7b, 0xde, 0x7b, 0xde, 
	0x7b, 0xde, 0x7b, 0xde, 0x00, 0x00, 0x00, 0x00, 0x00, 0x00, 0x00, 0x00, 0x00, 0x00, 0x00, 0x00
};
// 'down_dots', 16x16px
const unsigned char bitmap_icon_down_dots [] PROGMEM = {
	0x00, 0x00, 0x00, 0x00, 0x00, 0x00, 0x00, 0x00, 0x00, 0x00, 0x00, 0x00, 0x00, 0x00, 0x00, 0x00, 
	0x00, 0x00, 0x00, 0x00, 0x00, 0x00, 0x00, 0x00, 0x31, 0x8c, 0x31, 0x8c, 0x00, 0x00, 0x00, 0x00
};
// 'rubber-ducky', 16x16px
const unsigned char bitmap_icon_rubber_ducky [] PROGMEM = {
	0x00, 0x00, 0x00, 0x00, 0x00, 0xc0, 0x01, 0xe8, 0x03, 0xf8, 0x01, 0xf0, 0x01, 0xe0, 0x20, 0xe0, 
	0x37, 0xf8, 0x3f, 0xf8, 0x3f, 0xfc, 0x3f, 0xfc, 0x1f, 0xf8, 0x07, 0xf0, 0x00, 0x00, 0x00, 0x00
};
// 'random', 16x16px
const unsigned char bitmap_icon_random [] PROGMEM = {
  0x00, 0x00, 0x00, 0x18, 0x00, 0x0c, 0x60, 0x7e, 0x78, 0xfe, 0x1d, 0xfc, 0x0d, 0x98, 0x03, 0x80, 
  0x07, 0x00, 0x06, 0x98, 0x0e, 0xfc, 0x7c, 0xfe, 0x78, 0x7e, 0x00, 0x0c, 0x00, 0x18, 0x00, 0x00
};
// 'graph', 16x16px
const unsigned char bitmap_icon_graph [] PROGMEM = {
  0x00, 0x00, 0x00, 0x00, 0x44, 0x00, 0x44, 0x00, 0x44, 0x00, 0x44, 0x40, 0x54, 0x44, 0x54, 0x44, 
  0x55, 0x44, 0x55, 0x54, 0x55, 0x54, 0x55, 0x54, 0x55, 0x54, 0x40, 0x00, 0x7f, 0xfe, 0x00, 0x00
};
// 'list', 16x16px
const unsigned char bitmap_icon_list [] PROGMEM = {
  0x00, 0x00, 0x00, 0x00, 0x19, 0xfc, 0x24, 0x00, 0x25, 0xfc, 0x18, 0x00, 0x01, 0xc0, 0x00, 0x00, 
  0x00, 0x00, 0x19, 0xfc, 0x24, 0x00, 0x25, 0xfc, 0x18, 0x00, 0x01, 0xf0, 0x00, 0x00, 0x00, 0x00
};
// 'no_signal', 16x16px
const unsigned char bitmap_icon_no_signal [] PROGMEM = {
  0x00, 0x00, 0x88, 0x03, 0x50, 0x03, 0x20, 0x03, 0x50, 0x03, 0x88, 0x63, 0x00, 0x63, 0x00, 0x63, 
  0x06, 0x63, 0x06, 0x63, 0x06, 0x63, 0x06, 0x63, 0xc6, 0x63, 0xc6, 0x63, 0xc6, 0x63, 0x00, 0x00
};
// 'signals', 16x16px
const unsigned char bitmap_icon_signals [] PROGMEM = {
  0x00, 0x00, 0x00, 0x20, 0x04, 0x20, 0x04, 0xa0, 0x14, 0xa8, 0x14, 0xa8, 0x54, 0xaa, 0x54, 0xaa, 
  0x54, 0xaa, 0x54, 0xaa, 0x14, 0xa8, 0x04, 0xa8, 0x04, 0xa0, 0x04, 0x20, 0x00, 0x20, 0x00, 0x00
};
// 'wifi_jammer', 16x16px
const unsigned char bitmap_icon_wifi_jammer [] PROGMEM = {
  0x00, 0x00, 0x00, 0x00, 0x00, 0x10, 0x0f, 0xf0, 0x18, 0x28, 0x20, 0x44, 0x07, 0xe0, 0x0c, 0xb0, 
  0x01, 0x00, 0x03, 0xc0, 0x06, 0x00, 0x04, 0x00, 0x0d, 0x80, 0x08, 0x00, 0x00, 0x00, 0x00, 0x00
};
// 'bash', 16x16px
const unsigned char bitmap_icon_bash [] PROGMEM = {
  0x00, 0x00, 0x00, 0x00, 0x7f, 0xfe, 0x7f, 0xfe, 0x7f, 0xfe, 0x40, 0x02, 0x5c, 0x02, 0x50, 0x02, 
  0x44, 0x02, 0x5d, 0xc2, 0x40, 0x02, 0x40, 0x02, 0x40, 0x02, 0x7f, 0xfe, 0x00, 0x00, 0x00, 0x00
};
// 'eye', 16x16px
const unsigned char bitmap_icon_eye [] PROGMEM = {
  0x00, 0x00, 0x00, 0x00, 0x00, 0x00, 0x07, 0xe0, 0x38, 0x1c, 0x60, 0x06, 0x9b, 0xd9, 0x77, 0xee, 
  0xf7, 0xef, 0xf7, 0xef, 0x37, 0xec, 0x1b, 0xd8, 0x00, 0x00, 0x00, 0x00, 0x00, 0x00, 0x00, 0x00
};
// 'eye2', 16x16px
const unsigned char bitmap_icon_eye2 [] PROGMEM = {
  0x00, 0x00, 0x70, 0x0e, 0x40, 0x02, 0x40, 0x02, 0x07, 0xe0, 0x18, 0x18, 0x23, 0xc4, 0x46, 0x62, 
  0x46, 0x62, 0x23, 0xc4, 0x18, 0x18, 0x07, 0xe0, 0x40, 0x02, 0x40, 0x02, 0x70, 0x0e, 0x00, 0x00
};
// 'floppy2', 16x16px
const unsigned char bitmap_icon_floppy2 [] PROGMEM = {
  0x00, 0x00, 0x31, 0xf6, 0x71, 0x96, 0x71, 0x96, 0x71, 0xf6, 0x70, 0x06, 0x7f, 0xfe, 0x7f, 0xfe, 
  0x70, 0x0e, 0x6f, 0xf6, 0x6f, 0xf6, 0x68, 0x16, 0x6f, 0xf6, 0x28, 0x14, 0x6f, 0xf6, 0x00, 0x00
};
// 'go_back', 16x16px
const unsigned char bitmap_icon_go_back [] PROGMEM = {
  0x00, 0x00, 0x00, 0x00, 0x03, 0x00, 0x06, 0x00, 0x0c, 0x00, 0x1f, 0xf0, 0x1f, 0xf8, 0x0c, 0x0c, 
  0x06, 0x0c, 0x03, 0x0c, 0x00, 0x0c, 0x00, 0x78, 0x00, 0x70, 0x00, 0x00, 0x00, 0x00, 0x00, 0x00
};
// 'DOWN', 16x16px
const unsigned char bitmap_icon_DOWN [] PROGMEM = {
  0x00, 0x00, 0x00, 0x00, 0x00, 0x00, 0x00, 0x00, 0x00, 0x00, 0x1f, 0xf8, 0x0f, 0xf0, 0x07, 0xe0, 
  0x03, 0xc0, 0x01, 0x80, 0x01, 0x80, 0x00, 0x00, 0x00, 0x00, 0x00, 0x00, 0x00, 0x00, 0x00, 0x00
};
// 'UP', 16x16px
const unsigned char bitmap_icon_UP [] PROGMEM = {
  0x00, 0x00, 0x00, 0x00, 0x00, 0x00, 0x00, 0x00, 0x00, 0x00, 0x01, 0x80, 0x01, 0x80, 0x03, 0xc0, 
  0x07, 0xe0, 0x0f, 0xf0, 0x1f, 0xf8, 0x00, 0x00, 0x00, 0x00, 0x00, 0x00, 0x00, 0x00, 0x00, 0x00
};
// 'RIGHT', 16x16px
const unsigned char bitmap_icon_RIGHT [] PROGMEM = {
  0x00, 0x00, 0x00, 0x00, 0x00, 0x00, 0x04, 0x00, 0x06, 0x00, 0x07, 0x00, 0x07, 0x80, 0x07, 0xe0, 
  0x07, 0xe0, 0x07, 0x80, 0x07, 0x00, 0x06, 0x00, 0x04, 0x00, 0x00, 0x00, 0x00, 0x00, 0x00, 0x00
};
// 'LEFT', 16x16px
const unsigned char bitmap_icon_LEFT [] PROGMEM = {
  0x00, 0x00, 0x00, 0x00, 0x00, 0x00, 0x00, 0x20, 0x00, 0x60, 0x00, 0xe0, 0x01, 0xe0, 0x07, 0xe0, 
  0x07, 0xe0, 0x01, 0xe0, 0x00, 0xe0, 0x00, 0x60, 0x00, 0x20, 0x00, 0x00, 0x00, 0x00, 0x00, 0x00
};
// 'nuke', 16x16px
const unsigned char bitmap_icon_nuke [] PROGMEM = {
  0x00, 0x00, 0x00, 0x00, 0x08, 0x10, 0x18, 0x18, 0x3c, 0x3c, 0x3c, 0x3c, 0x7c, 0x3e, 0x79, 0x9e, 
  0x01, 0x80, 0x00, 0x00, 0x00, 0x00, 0x03, 0xc0, 0x07, 0xe0, 0x07, 0xe0, 0x03, 0xc0, 0x00, 0x00
};
// 'led', 16x16px
const unsigned char bitmap_icon_led [] PROGMEM = {
  0x00, 0x00, 0x03, 0xc0, 0x04, 0x60, 0x09, 0xf0, 0x0b, 0xf0, 0x0b, 0xf0, 0x0b, 0xf0, 0x0f, 0xf0, 
  0x00, 0x00, 0x1f, 0xf8, 0x1f, 0xf8, 0x00, 0x00, 0x06, 0x60, 0x06, 0x60, 0x06, 0x60, 0x00, 0x00
};
// 'floppy', 16x16px
const unsigned char bitmap_icon_floppy [] PROGMEM = {
  0x00, 0x00, 0x00, 0x00, 0x37, 0xec, 0x30, 0x0c, 0x30, 0x0c, 0x30, 0x0c, 0x30, 0x0c, 0x30, 0x0c, 
  0x3f, 0xfc, 0x3f, 0xfc, 0x3c, 0x0c, 0x3c, 0x6c, 0x3c, 0x6c, 0x3c, 0x0c, 0x00, 0x00, 0x00, 0x00
};
// 'antenna', 16x16px
const unsigned char bitmap_icon_antenna [] PROGMEM = {
  0x00, 0x00, 0x10, 0x08, 0x20, 0x04, 0x08, 0x10, 0x52, 0x2a, 0x54, 0x2a, 0x54, 0x2a, 0x52, 0x0a, 
  0x08, 0x10, 0x20, 0x04, 0x11, 0x88, 0x01, 0x80, 0x01, 0x80, 0x01, 0x80, 0x01, 0x80, 0x00, 0x00
};
// 'flash', 16x16px
const unsigned char bitmap_icon_flash [] PROGMEM = {
  0x00, 0x00, 0x07, 0xe0, 0x07, 0xc0, 0x07, 0x80, 0x07, 0x80, 0x0f, 0x00, 0x0f, 0xe0, 0x0f, 0xc0, 
  0x01, 0x80, 0x01, 0x80, 0x03, 0x00, 0x0f, 0xc0, 0x07, 0x80, 0x07, 0x00, 0x04, 0x00, 0x00, 0x00
};
// 'back', 16x16px
const unsigned char bitmap_icon_back [] PROGMEM = {
  0x00, 0x00, 0x00, 0x00, 0x00, 0x60, 0x00, 0xf0, 0x01, 0xe0, 0x03, 0xc0, 0x07, 0x80, 0x0f, 0x00, 
  0x0f, 0x00, 0x07, 0x80, 0x03, 0xc0, 0x01, 0xe0, 0x00, 0xf0, 0x00, 0x60, 0x00, 0x00, 0x00, 0x00
};
// 'undo', 16x16px
const unsigned char bitmap_icon_undo [] PROGMEM = {
  0x00, 0x00, 0x01, 0x00, 0x03, 0x00, 0x07, 0xe0, 0x07, 0xe0, 0x03, 0x30, 0x09, 0x18, 0x18, 0x18, 
  0x18, 0x18, 0x18, 0x18, 0x0c, 0x30, 0x07, 0xe0, 0x03, 0xc0, 0x00, 0x00, 0x00, 0x00, 0x00, 0x00
};
// 'start', 16x16px
const unsigned char bitmap_icon_start [] PROGMEM = {
  0x00, 0x00, 0x00, 0x00, 0x30, 0x3c, 0x38, 0x3c, 0x3c, 0x3c, 0x3e, 0x3c, 0x3f, 0x3c, 0x3f, 0xbc, 
  0x3f, 0xbc, 0x3f, 0x3c, 0x3e, 0x3c, 0x3c, 0x3c, 0x38, 0x3c, 0x30, 0x3c, 0x00, 0x00, 0x00, 0x00
};
// 'power', 16x16px
const unsigned char bitmap_icon_power [] PROGMEM = {
  0x00, 0x00, 0x01, 0x80, 0x01, 0x80, 0x0d, 0xb0, 0x1d, 0xb8, 0x19, 0x98, 0x31, 0x8c, 0x30, 0x0c, 
  0x30, 0x0c, 0x30, 0x0c, 0x18, 0x18, 0x1c, 0x38, 0x0f, 0xf0, 0x03, 0xc0, 0x00, 0x00, 0x00, 0x00
};
// 'sort_down_minus', 16x16px
const unsigned char bitmap_icon_sort_down_minus [] PROGMEM = {
  0x00, 0x00, 0x00, 0x00, 0x0c, 0x00, 0x0c, 0x00, 0x0c, 0xfc, 0x0c, 0xfc, 0x0c, 0x00, 0x0c, 0x00, 
  0x0c, 0x00, 0x4c, 0x80, 0x6d, 0x80, 0x3f, 0x00, 0x1e, 0x00, 0x0c, 0x00, 0x00, 0x00, 0x00, 0x00
};
// 'sort_up_plus', 16x16px
const unsigned char bitmap_icon_sort_up_plus [] PROGMEM = {
  0x00, 0x00, 0x00, 0x00, 0x0c, 0x00, 0x1e, 0x00, 0x3f, 0x00, 0x6d, 0x80, 0x4c, 0x80, 0x0c, 0x00, 
  0x0c, 0x30, 0x0c, 0x30, 0x0c, 0xfc, 0x0c, 0xfc, 0x0c, 0x30, 0x0c, 0x30, 0x00, 0x00, 0x00, 0x00
};
// 'recycle', 16x16px
const unsigned char bitmap_icon_recycle [] PROGMEM = {
  0x00, 0x00, 0x03, 0xc0, 0x02, 0x40, 0x1f, 0xf8, 0x0f, 0xf0, 0x1f, 0xf8, 0x12, 0x48, 0x12, 0x48, 
  0x12, 0x48, 0x12, 0x48, 0x12, 0x48, 0x12, 0x48, 0x12, 0x48, 0x1a, 0x58, 0x0f, 0xf0, 0x00, 0x00
};
// 'nullsdcard', 16x16px
const unsigned char bitmap_icon_nullsdcard [] PROGMEM = {
  0x00, 0x00, 0x00, 0x00, 0x0f, 0xf8, 0x1d, 0x58, 0x15, 0x58, 0x17, 0xf8, 0x1c, 0x38, 0x19, 0x98, 
  0x1b, 0x98, 0x1e, 0x38, 0x1e, 0xf8, 0x1f, 0xf8, 0x1e, 0xf8, 0x1f, 0xf8, 0x00, 0x00, 0x00, 0x00
};
// 'temp', 16x16px
const unsigned char bitmap_icon_temp [] PROGMEM = {
  0x03, 0x80, 0x04, 0x40, 0x04, 0x5c, 0x04, 0x40, 0x04, 0x5c, 0x05, 0x40, 0x05, 0x5c, 0x05, 0x40,
  0x05, 0x5c, 0x05, 0x40, 0x09, 0x20, 0x0b, 0xa0, 0x0b, 0xa0, 0x04, 0x40, 0x03, 0x80, 0x00, 0x00
};
// 'sdcard', 16x16px
const unsigned char bitmap_icon_sdcard [] PROGMEM = {
  0x00, 0x00, 0x00, 0x00, 0x0f, 0xf8, 0x1d, 0x58, 0x15, 0x58, 0x17, 0xf8, 0x1f, 0xf8, 0x1f, 0xf8,
  0x1f, 0xf8, 0x1f, 0xf8, 0x1f, 0xf8, 0x1f, 0xf8, 0x1f, 0xf8, 0x1f, 0xf8, 0x00, 0x00, 0x00, 0x00
};
// 'ble jammer', 16x16px
const unsigned char bitmap_icon_ble_jammer [] PROGMEM = {
  0x00, 0x00, 0x00, 0x00, 0x00, 0x80, 0x18, 0xc0, 0x0c, 0xa0, 0x06, 0x20, 0x03, 0x20, 0x01, 0x80, 
  0x01, 0xc0, 0x03, 0xe0, 0x06, 0xb0, 0x0c, 0xb8, 0x08, 0xcc, 0x00, 0x84, 0x00, 0x00, 0x00, 0x00
};
// 'icon_scanner', 16x16px
const unsigned char bitmap_icon_scanner [] PROGMEM = {
  0x00, 0x00, 0x00, 0x06, 0x00, 0x06, 0x00, 0x06, 0x00, 0x66, 0x00, 0x66, 0x00, 0x66, 0x00, 0x66, 
  0x06, 0x66, 0x06, 0x66, 0x06, 0x66, 0x06, 0x66, 0x66, 0x66, 0x66, 0x66, 0x00, 0x00, 0x00, 0x00
};
// 'character', 16x16px
const unsigned char bitmap_icon_character [] PROGMEM = {
  0x03, 0xc0, 0x07, 0xe0, 0x05, 0xa0, 0x05, 0xa0, 0x07, 0xe0, 0x07, 0xe0, 0x03, 0xc0, 0x00, 0x00, 
  0x01, 0x80, 0x0f, 0xf0, 0x3f, 0xfc, 0x7f, 0xfe, 0x7f, 0xfe, 0xff, 0xff, 0xef, 0xf7, 0xef, 0xf7
};
// 'apple', 16x16px
const unsigned char bitmap_icon_apple [] PROGMEM = {
  0x00, 0x00, 0x00, 0x60, 0x00, 0xe0, 0x00, 0xc0, 0x00, 0x00, 0x0e, 0x70, 0x1f, 0xf0, 0x1f, 0xe0, 
  0x1f, 0xe0, 0x1f, 0xe0, 0x1f, 0xf0, 0x1f, 0xf8, 0x0f, 0xf8, 0x07, 0xf0, 0x00, 0x00, 0x00, 0x00
};
// 'brain', 16x16px
const unsigned char bitmap_icon_brain [] PROGMEM = {
  0x0e, 0x70, 0x1f, 0x78, 0x39, 0x7c, 0x3e, 0x7c, 0x0f, 0x7c, 0x77, 0x7e, 0xff, 0x4f, 0xff, 0x37, 
  0xe7, 0x7f, 0xfb, 0x7f, 0x79, 0x7e, 0x36, 0x70, 0x3f, 0x6c, 0x3f, 0x78, 0x1f, 0x78, 0x0e, 0x70
};
// 'ble', 16x16px
const unsigned char bitmap_icon_ble [] PROGMEM = {
  0x00, 0x00, 0x01, 0x00, 0x01, 0x80, 0x01, 0x40, 0x01, 0x20, 0x09, 0x20, 0x05, 0x40, 0x03, 0x80, 
  0x03, 0x80, 0x05, 0x40, 0x09, 0x20, 0x01, 0x20, 0x01, 0x40, 0x01, 0x80, 0x01, 0x00, 0x00, 0x00
};
// 'jammer', 16x16px
const unsigned char bitmap_icon_jammer [] PROGMEM = {
  0x00, 0x00, 0x00, 0x00, 0x1e, 0x00, 0x1f, 0x80, 0x01, 0xe0, 0x00, 0x70, 0x1e, 0x38, 0x1f, 0x18, 
  0x03, 0x8c, 0x01, 0x8c, 0x38, 0xcc, 0x7c, 0xcc, 0x7c, 0xcc, 0x38, 0x00, 0x00, 0x00, 0x00, 0x00
};
// 'follow', 16x16px
const unsigned char bitmap_icon_follow [] PROGMEM = {
  0x00, 0x3c, 0x00, 0x7e, 0x00, 0x7e, 0x00, 0x3c, 0x00, 0x18, 0x78, 0x3c, 0xfc, 0x7e, 0xfc, 0x7e, 
  0x78, 0x00, 0x30, 0x18, 0x78, 0x3c, 0xfc, 0x7e, 0xfc, 0x18, 0xfd, 0xf8, 0xfd, 0xf0, 0x78, 0x00
};
// 'kill', 16x16px
const unsigned char bitmap_icon_kill [] PROGMEM = {
  0x00, 0x00, 0x00, 0x00, 0x03, 0xc0, 0x0f, 0xf0, 0x0f, 0xf0, 0x1f, 0xf8, 0x31, 0x8c, 0x21, 0x84, 
  0x21, 0x84, 0x21, 0x84, 0x33, 0xcc, 0x1e, 0x78, 0x0e, 0x70, 0x0d, 0xb0, 0x0d, 0xb0, 0x00, 0x00
};
// 'key', 16x16px
const unsigned char bitmap_icon_key [] PROGMEM = {
  0x07, 0xe0, 0x0f, 0xf0, 0x1c, 0x38, 0x18, 0x18, 0x18, 0x18, 0x1c, 0x38, 0x0f, 0xf0, 0x07, 0xe0, 
  0x00, 0x00, 0x01, 0x80, 0x01, 0x80, 0x01, 0xb8, 0x01, 0xb8, 0x01, 0xa0, 0x01, 0xb8, 0x01, 0xb8
};
// 'dialog', 16x16px
const unsigned char bitmap_icon_dialog [] PROGMEM = {
  0x00, 0x00, 0x3f, 0xfc, 0x7f, 0xfe, 0xff, 0xff, 0xc0, 0x23, 0xff, 0xff, 0xc8, 0x03, 0xff, 0xff, 
  0xc0, 0x43, 0xff, 0xff, 0xff, 0xff, 0x7f, 0xfe, 0x3f, 0xfc, 0x00, 0xe0, 0x00, 0x60, 0x00, 0x20
};
// 'question', 16x16px
const unsigned char bitmap_icon_question [] PROGMEM = {
  0x07, 0xe0, 0x1f, 0xf8, 0x3f, 0xfc, 0x7e, 0x7c, 0x7c, 0x3c, 0x38, 0x3c, 0x00, 0x7c, 0x03, 0xf8, 
  0x07, 0xf0, 0x07, 0xc0, 0x03, 0x80, 0x00, 0x00, 0x03, 0x80, 0x07, 0xc0, 0x07, 0xc0, 0x03, 0x80
};
// 'save', 16x16px
const unsigned char bitmap_icon_save [] PROGMEM = {
  0x6f, 0xf6, 0xef, 0x97, 0xef, 0x97, 0xef, 0x95, 0xef, 0xf7, 0xf0, 0x0f, 0xff, 0xff, 0xc0, 0x03, 
  0xdf, 0xfb, 0xd0, 0x0b, 0xdf, 0xfb, 0xd0, 0x0b, 0xdf, 0xfb, 0xc0, 0x03, 0xff, 0xff, 0x7f, 0xfe
};
// 'spoofer', 16x16px
const unsigned char bitmap_icon_spoofer [] PROGMEM = {
  0x00, 0x00, 0x02, 0x00, 0x03, 0x00, 0x33, 0x80, 0x3a, 0xc8, 0x1e, 0x4c, 0x0f, 0x84, 0x07, 0x24, 
  0x07, 0x24, 0x0f, 0x84, 0x1e, 0x4c, 0x3a, 0xc8, 0x33, 0x80, 0x03, 0x00, 0x02, 0x00, 0x00, 0x00
};
// 'setting', 16x16px
const unsigned char bitmap_icon_setting [] PROGMEM = {
  0x03, 0xc0, 0x13, 0xc8, 0x3b, 0xdc, 0x7f, 0xfe, 0x3f, 0xfc, 0x1c, 0x38, 0xf8, 0x1f, 0xf8, 0x1f, 
  0xf8, 0x1f, 0xf8, 0x1f, 0x1c, 0x38, 0x3f, 0xfc, 0x7f, 0xfe, 0x3b, 0xdc, 0x13, 0xc8, 0x03, 0xc0
};
// R3X Badge Icon 16x16, 16x16px
const unsigned char bitmap_icon_skull [] PROGMEM = {
  0x00, 0x00, 0x47, 0xe2, 0x3f, 0xfc, 0x13, 0xcc, 0x79, 0x9e, 0x29, 0xd4, 0x09, 0xf0, 0x00, 0xc0,
  0x69, 0xf6, 0x6d, 0xb6, 0x00, 0x80, 0x01, 0x04, 0x35, 0xac, 0x09, 0x90, 0x00, 0x00, 0x00, 0x00
};
// 'stat', 16x16px
const unsigned char bitmap_icon_stat [] PROGMEM = {
  0x7f, 0xfe, 0xff, 0xff, 0xc0, 0x03, 0xc0, 0x83, 0xc0, 0x83, 0xc1, 0x47, 0xc1, 0x47, 0xd1, 0x2b, 
  0xd2, 0x2b, 0xea, 0x13, 0xea, 0x13, 0xc4, 0x03, 0xc4, 0x03, 0xc0, 0x03, 0xff, 0xff, 0x7f, 0xfe
};
// 'sword', 16x16px
const unsigned char bitmap_icon_sword [] PROGMEM = {
  0x00, 0x07, 0x00, 0x0f, 0x00, 0x1f, 0x00, 0x3e, 0x00, 0x7c, 0x00, 0xf8, 0x01, 0xf0, 0x33, 0xe0, 
  0x3b, 0xc0, 0x1d, 0x80, 0x0e, 0x00, 0x17, 0x00, 0x3b, 0x80, 0xf1, 0x80, 0xe0, 0x00, 0xe0, 0x00
};
// 'signal', 16x16px
const unsigned char bitmap_icon_signal [] PROGMEM = {
  0x07, 0xe0, 0x1f, 0xf8, 0x7f, 0xfe, 0xff, 0xff, 0xff, 0xff, 0xf0, 0x0f, 0x40, 0x02, 0x0f, 0xf0, 
  0x3f, 0xfc, 0x3f, 0xfc, 0x1c, 0x38, 0x10, 0x08, 0x03, 0xc0, 0x0f, 0xf0, 0x0e, 0x70, 0x04, 0x20
};
// 'analyzer', 16x16px
const unsigned char bitmap_icon_analyzer [] PROGMEM = {
  0x00, 0x00, 0x03, 0xf0, 0x00, 0x08, 0x01, 0xe4, 0x00, 0x12, 0x00, 0xca, 0x06, 0x2a, 0x07, 0x2a, 
  0x07, 0x8a, 0x07, 0xc2, 0x07, 0xc0, 0x0a, 0x00, 0x1f, 0x00, 0x20, 0x80, 0x7f, 0xc0, 0x00, 0x00
};
// 'wifi', 16x16px
const unsigned char bitmap_icon_wifi [] PROGMEM = {
  0x00, 0x00, 0x00, 0x00, 0x0f, 0xf0, 0x38, 0x1c, 0x60, 0x06, 0xc7, 0xe3, 0x1c, 0x38, 0x30, 0x0c, 
  0x01, 0x80, 0x07, 0xe0, 0x0c, 0x30, 0x00, 0x00, 0x01, 0x80, 0x01, 0x80, 0x00, 0x00, 0x00, 0x00
};
// 'wifi2', 16x16px
const unsigned char bitmap_icon_wifi2 [] PROGMEM = {
  0x00, 0x00, 0x00, 0x00, 0x03, 0x80, 0x0f, 0xe0, 0x38, 0x38, 0x60, 0x0c, 0xc3, 0x86, 0x0f, 0xe0, 
  0x18, 0x30, 0x30, 0x18, 0x03, 0x80, 0x07, 0xc0, 0x07, 0xc0, 0x03, 0x80, 0x00, 0x00, 0x00, 0x00
};

// 'Android', 16x16px
const unsigned char bitmap_icon_Android [] PROGMEM = {
	0x20, 0x04, 0x11, 0x88, 0x04, 0x20, 0x00, 0x00, 0x17, 0xe8, 0x07, 0xe0, 0x20, 0x04, 0x7f, 0xfe, 
	0x60, 0x06, 0x60, 0x06, 0x60, 0x06, 0x60, 0x06, 0x20, 0x04, 0x10, 0x08, 0x09, 0x90, 0x06, 0x60
};
// 'Browser-Bugs', 16x16px
const unsigned char bitmap_icon_Browser_Bugs [] PROGMEM = {
	0x7f, 0xfc, 0x80, 0x02, 0x80, 0x02, 0xff, 0xfe, 0x80, 0x02, 0xbc, 0x02, 0x80, 0x68, 0x80, 0xb8, 
	0x80, 0x7e, 0x80, 0x7b, 0xbe, 0x7c, 0x80, 0x78, 0x7f, 0x10, 0x00, 0x00, 0x09, 0x26, 0x10, 0x00
};
// 'Cog-Browser', 16x16px
const unsigned char bitmap_icon_Cog_Browser [] PROGMEM = {
	0x7f, 0xfe, 0x80, 0x01, 0x80, 0x01, 0xff, 0xff, 0x80, 0x01, 0x81, 0x81, 0x82, 0x41, 0x88, 0x11, 
	0x9a, 0x59, 0x92, 0x49, 0x9a, 0x59, 0x88, 0x11, 0x82, 0x41, 0x81, 0x81, 0x81, 0x81, 0x7f, 0xfe
};
// 'Cog-Double', 16x16px
const unsigned char bitmap_icon_Cog_Double [] PROGMEM = {
	0x00, 0x30, 0x00, 0xcc, 0x01, 0x02, 0x00, 0x32, 0x07, 0x79, 0x01, 0x39, 0x48, 0x12, 0x00, 0x02, 
	0xc0, 0x34, 0x88, 0x10, 0x88, 0x10, 0x26, 0x40, 0x00, 0x00, 0x48, 0x00, 0x21, 0x40, 0x07, 0x00
};
// 'Dinosaur', 16x16px
const unsigned char bitmap_icon_Dinosaur [] PROGMEM = {
	0x02, 0x01, 0x00, 0x00, 0x0f, 0xc0, 0x10, 0x20, 0x10, 0x20, 0x10, 0xe2, 0x11, 0xc3, 0x11, 0x0a, 
	0x27, 0x0e, 0xa7, 0x82, 0xc5, 0x82, 0x87, 0x3f, 0x49, 0x00, 0x3f, 0x00, 0x10, 0x00, 0x10, 0x00
};
// 'Electronics-Bug', 16x16px
const unsigned char bitmap_icon_Electronics_Bug [] PROGMEM = {
	0x3f, 0xfc, 0x5f, 0xfa, 0x50, 0x0a, 0x50, 0x0a, 0x53, 0xca, 0x57, 0xea, 0x53, 0xca, 0x50, 0x0a, 
	0x5f, 0xfa, 0x00, 0x00, 0x1f, 0xf8, 0x7f, 0xfe, 0x40, 0x02, 0x50, 0x7a, 0x40, 0x02, 0x7f, 0xfe
};
// 'Electronics-Chipset', 16x16px
const unsigned char bitmap_icon_Electronics_Chipset [] PROGMEM = {
	0x0a, 0x50, 0x0a, 0x50, 0x1f, 0xf8, 0x20, 0x04, 0xef, 0xf7, 0x2c, 0x74, 0xef, 0xf7, 0x2d, 0xd4, 
	0x2f, 0x94, 0xef, 0x17, 0x2c, 0x14, 0xe7, 0xe7, 0x20, 0x04, 0x1f, 0xf8, 0x0a, 0x50, 0x0a, 0x50
};
// 'Electronics-Board', 16x16px
const unsigned char bitmap_icon_Electronics_Board [] PROGMEM = {
	0x00, 0x30, 0x00, 0x30, 0x0c, 0x30, 0x0c, 0x00, 0x0c, 0x06, 0x01, 0x86, 0x01, 0x82, 0x01, 0x82, 
	0x74, 0x24, 0x32, 0x48, 0x02, 0x50, 0x82, 0x41, 0xc2, 0x43, 0x02, 0x40, 0x02, 0x40, 0x12, 0x48
};
// 'Fertilizer', 16x16px
const unsigned char bitmap_icon_Fertilizer [] PROGMEM = {
	0x00, 0x00, 0x1c, 0x00, 0x22, 0x00, 0x08, 0x00, 0x7f, 0x00, 0x08, 0x20, 0x3f, 0x00, 0x00, 0x80, 
	0xbe, 0x80, 0xbe, 0x80, 0xaa, 0x80, 0xbe, 0x80, 0xbe, 0x80, 0x80, 0x80, 0x80, 0x80, 0x7f, 0x00
};
// 'Flash-Drive', 16x16px
const unsigned char bitmap_icon_Flash_Drive [] PROGMEM = {
	0x07, 0xe0, 0x04, 0x20, 0x05, 0xa0, 0x04, 0x20, 0x0f, 0xf0, 0x08, 0x10, 0x08, 0x10, 0x08, 0x10, 
	0x08, 0x10, 0x08, 0x10, 0x08, 0x10, 0x08, 0x10, 0x0a, 0x50, 0x09, 0x90, 0x08, 0x10, 0x07, 0xe0
};
// 'Flash-Drive-2', 16x16px
const unsigned char bitmap_icon_Flash_Drive_2 [] PROGMEM = {
	0x07, 0xe0, 0x01, 0x80, 0x00, 0x00, 0x0c, 0x30, 0x0f, 0xf0, 0x08, 0x10, 0x08, 0x10, 0x0c, 0x10, 
	0x0c, 0x30, 0x0a, 0x50, 0x09, 0x90, 0x09, 0x90, 0x08, 0x10, 0x08, 0x10, 0x08, 0x10, 0x07, 0xe0
};
// 'Floppy-Disk-3', 16x16px
const unsigned char bitmap_icon_Floppy_Disk_3 [] PROGMEM = {
	0x7f, 0xfe, 0xa0, 0x35, 0xa0, 0x75, 0xa0, 0x75, 0x88, 0x75, 0x8f, 0xfd, 0x80, 0x01, 0x80, 0x01, 
	0x80, 0x01, 0xa0, 0x05, 0xa0, 0x05, 0xa0, 0x05, 0xa0, 0x05, 0xa7, 0xe5, 0xa0, 0x05, 0x7f, 0xfe
};
// 'Global-Public', 16x16px
const unsigned char bitmap_icon_Global_Public [] PROGMEM = {
	0x03, 0xc0, 0x1c, 0x38, 0x3e, 0x04, 0x7f, 0x02, 0x7e, 0x1e, 0x78, 0x1e, 0xc0, 0x1f, 0xc6, 0x1f, 
	0xe2, 0x0f, 0xf0, 0x3f, 0x70, 0x7e, 0x60, 0x1e, 0x40, 0x1e, 0x20, 0x1c, 0x1f, 0x38, 0x03, 0xc0
};
// 'Hourglass', 16x16px
const unsigned char bitmap_icon_Hourglass [] PROGMEM = {
	0x1f, 0xf8, 0x08, 0x10, 0x08, 0x10, 0x08, 0x10, 0x00, 0x00, 0x00, 0x00, 0x03, 0xc0, 0x01, 0x80, 
	0x01, 0x80, 0x00, 0x00, 0x00, 0x00, 0x00, 0x00, 0x08, 0x10, 0x0c, 0x30, 0x08, 0x10, 0x1f, 0xf8
};
// 'Key-3', 16x16px
const unsigned char bitmap_icon_Key_3 [] PROGMEM = {
	0x01, 0xe0, 0x02, 0x10, 0x02, 0x38, 0x03, 0xcc, 0x02, 0xfa, 0x02, 0xfa, 0x02, 0x42, 0x00, 0x64, 
	0x00, 0xe0, 0x10, 0x26, 0x02, 0x22, 0x41, 0x24, 0x04, 0x26, 0x00, 0x22, 0x00, 0x24, 0x00, 0x18
};
// 'Key-4', 16x16px
const unsigned char bitmap_icon_Key_4 [] PROGMEM = {
	0x03, 0xc0, 0x00, 0x00, 0x01, 0x00, 0x11, 0x88, 0x10, 0x08, 0x10, 0x08, 0x08, 0x10, 0x04, 0x20, 
	0x02, 0x40, 0x02, 0x60, 0x02, 0x00, 0x02, 0x40, 0x02, 0x60, 0x02, 0x10, 0x02, 0x60, 0x01, 0x80
};
// 'Keyboard-Button', 16x16px
const unsigned char bitmap_icon_Keyboard_Button [] PROGMEM = {
	0x0f, 0xe0, 0x08, 0x28, 0x0b, 0xa8, 0x0b, 0x28, 0x08, 0x28, 0x0f, 0xe8, 0x08, 0x08, 0x0c, 0x18, 
	0x83, 0x06, 0xb3, 0x25, 0xcb, 0x45, 0xb3, 0xf5, 0x83, 0x05, 0xff, 0xfd, 0x81, 0x83, 0x7f, 0xff
};
// 'Keyboard-Wireless', 16x16px
const unsigned char bitmap_icon_Keyboard_Wireless [] PROGMEM = {
	0x03, 0xc0, 0x04, 0x20, 0x10, 0x08, 0x02, 0x40, 0x08, 0x10, 0x11, 0x88, 0x00, 0x00, 0x00, 0x00, 
	0x7f, 0xfe, 0x40, 0x02, 0x80, 0x01, 0x92, 0x49, 0x80, 0x01, 0x07, 0xe0, 0x40, 0x02, 0x3f, 0xfc
};
// 'Loading-Circle-1', 16x16px
const unsigned char bitmap_icon_Loading_Circle_1 [] PROGMEM = {
	0x03, 0x80, 0x02, 0x40, 0x02, 0x7c, 0x03, 0xe4, 0x00, 0x24, 0x00, 0x3c, 0x00, 0x00, 0x00, 0x06, 
	0x40, 0x06, 0x00, 0x04, 0x00, 0x00, 0x00, 0x00, 0x30, 0x18, 0x31, 0x18, 0x03, 0x80, 0x01, 0x00
};
// 'Memory-smile', 16x16px
const unsigned char bitmap_icon_Memory_smile [] PROGMEM = {
	0x0f, 0xfc, 0x17, 0xfa, 0x26, 0xd2, 0x46, 0xda, 0x47, 0xfa, 0x40, 0x02, 0x60, 0x06, 0x60, 0x06, 
	0x60, 0x06, 0x40, 0x02, 0x40, 0x02, 0x40, 0x02, 0x40, 0x02, 0x40, 0x02, 0x5f, 0xfa, 0x3f, 0xfc
};
// 'Loading-Circle-2', 16x16px
const unsigned char bitmap_icon_Loading_Circle_2 [] PROGMEM = {
	0x01, 0x80, 0x13, 0xc8, 0x0b, 0xd0, 0x59, 0x9a, 0x38, 0x1c, 0x00, 0x00, 0x60, 0x06, 0xb0, 0x0d, 
	0xf0, 0x0f, 0x60, 0x06, 0x00, 0x00, 0x18, 0x18, 0x49, 0x92, 0x0a, 0x50, 0x12, 0x48, 0x01, 0x80
};
// 'Move-Streamline', 16x16px
const unsigned char bitmap_icon_Move_Streamline [] PROGMEM = {
	0x01, 0x80, 0x03, 0xc0, 0x03, 0xc0, 0x00, 0x00, 0x00, 0x00, 0x00, 0x00, 0x60, 0x06, 0xe0, 0x07, 
	0xe0, 0x07, 0x60, 0x06, 0x00, 0x00, 0x00, 0x00, 0x00, 0x00, 0x03, 0xc0, 0x03, 0xc0, 0x01, 0x80
};
// 'Pacman', 16x16px
const unsigned char bitmap_icon_Pacman [] PROGMEM = {
	0x3c, 0x00, 0x40, 0x00, 0x41, 0x00, 0x80, 0x08, 0x80, 0x00, 0x80, 0x00, 0x92, 0x00, 0x00, 0x00, 
	0x00, 0x7c, 0x10, 0x7e, 0x00, 0x7f, 0x00, 0x1f, 0x00, 0x1f, 0x00, 0x7e, 0x00, 0x7e, 0x00, 0x38
};
// 'Satellite-3', 16x16px
const unsigned char bitmap_icon_Satellite_3 [] PROGMEM = {
	0x0c, 0x00, 0x20, 0x04, 0x48, 0x0e, 0x10, 0x37, 0xa7, 0x3b, 0x8d, 0xef, 0x0a, 0x76, 0x0c, 0x38, 
	0x04, 0x18, 0x06, 0x08, 0x1f, 0x04, 0x1b, 0x8e, 0x2d, 0xcc, 0x76, 0x38, 0x3e, 0x10, 0x1c, 0x00
};
// 'Setting-Slide', 16x16px
const unsigned char bitmap_icon_Setting_Slide [] PROGMEM = {
	0x00, 0x10, 0x00, 0x08, 0x7f, 0xee, 0x00, 0x08, 0x00, 0x08, 0x10, 0x00, 0x38, 0x00, 0x38, 0x00, 
	0x38, 0x00, 0x38, 0x00, 0x10, 0x00, 0x00, 0x08, 0x00, 0x08, 0x7f, 0xee, 0x00, 0x08, 0x00, 0x10
};
// 'Settings-Toggle', 16x16px
const unsigned char bitmap_icon_Settings_Toggle [] PROGMEM = {
	0x3f, 0xfc, 0x47, 0xfe, 0x8f, 0xff, 0x83, 0xff, 0x83, 0xff, 0xc7, 0xff, 0x7f, 0xfe, 0x00, 0x00, 
	0x00, 0x00, 0x7f, 0xfe, 0x80, 0x45, 0x80, 0x43, 0x80, 0x41, 0x80, 0x41, 0x00, 0x20, 0x3f, 0xfc
};
// R3X Badge Icon 3 16x16, 16x16px
const unsigned char bitmap_icon_Skull_3 [] PROGMEM = {
  0x00, 0x00, 0x47, 0xe2, 0x3f, 0xfc, 0x13, 0xcc, 0x79, 0x9e, 0x29, 0xd4, 0x09, 0xf0, 0x00, 0xc0,
  0x69, 0xf6, 0x6d, 0xb6, 0x00, 0x80, 0x01, 0x04, 0x35, 0xac, 0x09, 0x90, 0x00, 0x00, 0x00, 0x00
};
// 'Temperature-Thermometer', 16x16px
const unsigned char bitmap_icon_Temperature_Thermometer [] PROGMEM = {
	0x06, 0x00, 0x0a, 0x00, 0x0a, 0x38, 0x0a, 0x00, 0x0a, 0x00, 0x0a, 0x18, 0x0a, 0x00, 0x0a, 0x00, 
	0x0e, 0x18, 0x0e, 0x00, 0x0f, 0x00, 0x1f, 0x00, 0x1e, 0x80, 0x1e, 0x80, 0x1f, 0x00, 0x0e, 0x00
};
// R3X Badge Icon 4 16x16, 16x16px
const unsigned char bitmap_icon_Skull_4 [] PROGMEM = {
  0x00, 0x00, 0x47, 0xe2, 0x3f, 0xfc, 0x13, 0xcc, 0x79, 0x9e, 0x29, 0xd4, 0x09, 0xf0, 0x00, 0xc0,
  0x69, 0xf6, 0x6d, 0xb6, 0x00, 0x80, 0x01, 0x04, 0x35, 0xac, 0x09, 0x90, 0x00, 0x00, 0x00, 0x00
};
// 'View-Eye', 16x16px
const unsigned char bitmap_icon_View_Eye [] PROGMEM = {
	0x00, 0x00, 0x00, 0x00, 0x00, 0x00, 0x03, 0xc0, 0x0c, 0x30, 0x13, 0xc8, 0x04, 0x20, 0x05, 0xa0, 
	0x05, 0xa0, 0x04, 0x20, 0x13, 0xc8, 0x0c, 0x30, 0x03, 0xc0, 0x00, 0x00, 0x00, 0x00, 0x00, 0x00
};
// 'Websites-Mobile', 16x16px
const unsigned char bitmap_icon_Websites_Mobile [] PROGMEM = {
	0x00, 0x3e, 0x00, 0x3f, 0x00, 0x21, 0x00, 0x21, 0x00, 0x21, 0x7f, 0xed, 0x80, 0x21, 0x82, 0x21, 
	0x80, 0x7f, 0xa0, 0x80, 0x80, 0x00, 0xff, 0xe0, 0x80, 0x20, 0x7f, 0xc0, 0x11, 0x00, 0x1f, 0x00
};
// 'Wireless-4', 16x16px
const unsigned char bitmap_icon_Wireless_4 [] PROGMEM = {
	0x03, 0xc0, 0x1c, 0x38, 0x23, 0xc4, 0x44, 0x22, 0x40, 0x02, 0x50, 0x0a, 0xa1, 0x85, 0xa3, 0xc5, 
	0xa3, 0xc5, 0xa1, 0x85, 0x50, 0x0a, 0x43, 0xc2, 0x43, 0xc2, 0x27, 0xe4, 0x07, 0xe0, 0x03, 0xc0
};
// 'Voice-Id', 16x16px
const unsigned char bitmap_icon_Voice_Id [] PROGMEM = {
	0x60, 0x06, 0x80, 0x01, 0x80, 0x01, 0x00, 0x00, 0x01, 0x00, 0x09, 0x98, 0x5b, 0xda, 0xff, 0xff, 
	0xff, 0xff, 0x4b, 0x9a, 0x09, 0x98, 0x01, 0x00, 0x00, 0x00, 0x80, 0x01, 0x80, 0x01, 0x60, 0x06
};
// 'Wrench-4', 16x16px
const unsigned char bitmap_icon_Wrench_4 [] PROGMEM = {
	0x3c, 0x00, 0x02, 0x00, 0xc3, 0x00, 0xab, 0x00, 0x93, 0x00, 0x01, 0x80, 0x3a, 0xc0, 0x01, 0x60, 
	0x02, 0xb0, 0x01, 0x5c, 0x00, 0x00, 0x00, 0x49, 0x00, 0x59, 0x00, 0x49, 0x00, 0x04, 0x00, 0x1c
};
// 'Wrench-5', 16x16px
const unsigned char bitmap_icon_Wrench_5 [] PROGMEM = {
	0x3c, 0x1c, 0x02, 0x00, 0x83, 0x41, 0x8b, 0x51, 0x93, 0x49, 0x01, 0x80, 0x3a, 0xdc, 0x01, 0x60, 
	0x02, 0xb0, 0x39, 0x5c, 0x00, 0x00, 0x92, 0x49, 0x8a, 0x59, 0x82, 0x49, 0x00, 0x04, 0x38, 0x1e
};

const unsigned char bitnull [] PROGMEM = {
  0x00, 0x00, 0x00, 0x00, 0x00, 0x00, 0x00, 0x00, 0x00, 0x00, 0x00, 0x00, 0x00, 0x00, 0x00, 0x00, 
  0x00, 0x00, 0x00, 0x00, 0x00, 0x00, 0x00, 0x00, 0x00, 0x00, 0x00, 0x00, 0x00, 0x00, 0x00, 0x00};

// ESP32-R3X Boot Logo, 150x150px
const unsigned char bitmap_icon_r3x_logo [] PROGMEM = {
  0x00, 0x00, 0x00, 0x00, 0x00, 0x00, 0x00, 0x00, 0x00, 0x00, 0x00, 0x00, 0x00, 0x00, 0x00, 0x00,
  0x00, 0x00, 0x00, 0x00, 0x00, 0x00, 0x00, 0x00, 0x00, 0x00, 0x00, 0x00, 0x00, 0x18, 0x00, 0x00,
  0x00, 0x00, 0x00, 0x00, 0x00, 0x00, 0x00, 0x00, 0x00, 0x00, 0x00, 0x00, 0x00, 0x00, 0x00, 0x00,
  0x00, 0x00, 0x00, 0x00, 0x00, 0x00, 0x00, 0x00, 0x00, 0x00, 0x00, 0x00, 0x00, 0x00, 0x00, 0x00,
  0x00, 0x00, 0x00, 0x00, 0x40, 0x00, 0x00, 0x00, 0x00, 0x00, 0x00, 0x00, 0x00, 0x00, 0x00, 0x00,
  0x00, 0x20, 0x00, 0x00, 0x00, 0x00, 0x00, 0x20, 0x00, 0x00, 0x00, 0x00, 0x00, 0x00, 0x00, 0x00,
  0x00, 0x00, 0x00, 0x00, 0x00, 0x00, 0x01, 0x00, 0x00, 0x00, 0x00, 0x00, 0x00, 0x00, 0x00, 0x00,
  0x00, 0x00, 0x00, 0x00, 0x00, 0x00, 0x06, 0x00, 0x02, 0x03, 0x80, 0x20, 0x00, 0x00, 0x00, 0x40,
  0x00, 0x00, 0x00, 0x00, 0x00, 0x00, 0x00, 0x00, 0x00, 0x02, 0x00, 0x03, 0x03, 0xe0, 0x00, 0x00,
  0x98, 0x00, 0xc0, 0x00, 0x00, 0x00, 0x00, 0x00, 0x00, 0x00, 0x80, 0x00, 0x00, 0x00, 0x00, 0x07,
  0xe0, 0x11, 0x01, 0xc0, 0x00, 0x80, 0x00, 0x00, 0x06, 0x00, 0x00, 0x00, 0x03, 0x20, 0x00, 0x00,
  0x00, 0x00, 0x03, 0xf0, 0x00, 0x03, 0xc0, 0x00, 0x00, 0x00, 0x00, 0x10, 0x80, 0x00, 0x00, 0x05,
  0xc8, 0x00, 0x00, 0x00, 0x01, 0x81, 0xe8, 0x04, 0x4f, 0xc0, 0x00, 0x00, 0x00, 0x00, 0x27, 0x40,
  0x00, 0x00, 0x01, 0xf4, 0x00, 0x00, 0x20, 0x03, 0x81, 0xdc, 0x5c, 0x7e, 0x40, 0xc4, 0x00, 0x00,
  0x00, 0x5f, 0x80, 0x00, 0x00, 0x00, 0xfa, 0x00, 0x00, 0xf0, 0x02, 0xc1, 0xdf, 0xfc, 0x7e, 0x01,
  0x6c, 0x01, 0x00, 0x00, 0xbe, 0x80, 0x00, 0x00, 0x00, 0xfd, 0x00, 0x00, 0x18, 0x04, 0xfb, 0xff,
  0xff, 0xfc, 0x00, 0x70, 0x23, 0x00, 0x01, 0x7e, 0x00, 0x00, 0x00, 0x00, 0x7e, 0x80, 0x00, 0x07,
  0x81, 0xff, 0xff, 0xff, 0xfc, 0x07, 0xf0, 0x20, 0x00, 0x02, 0x7c, 0x00, 0x00, 0x00, 0x00, 0x3f,
  0x40, 0x00, 0x03, 0xfd, 0xff, 0xff, 0xff, 0xff, 0xc4, 0xe0, 0x30, 0x00, 0x05, 0xf8, 0x00, 0x00,
  0x00, 0x00, 0x1f, 0xa0, 0x00, 0x19, 0xff, 0xff, 0xf0, 0x00, 0xff, 0xff, 0xf9, 0x70, 0x00, 0x0b,
  0xf4, 0x00, 0x00, 0x00, 0x00, 0x0f, 0xd0, 0x08, 0x08, 0xff, 0xfc, 0xe0, 0x3f, 0xff, 0xff, 0xfb,
  0xe0, 0x20, 0x07, 0xe8, 0x00, 0x00, 0x00, 0x00, 0x07, 0xe0, 0x0c, 0x08, 0xff, 0xf3, 0xe0, 0x01,
  0xa7, 0x3f, 0xff, 0xe0, 0x60, 0x0f, 0xd0, 0x00, 0x00, 0x00, 0x00, 0x03, 0xfa, 0x07, 0x8d, 0xff,
  0x1e, 0x00, 0x00, 0x01, 0xe3, 0xff, 0xe0, 0x00, 0xbf, 0xa0, 0x00, 0x00, 0x00, 0x00, 0x01, 0xf9,
  0x01, 0xef, 0xfe, 0xf0, 0x3f, 0xff, 0xf0, 0x3c, 0xff, 0x83, 0x01, 0x3f, 0x40, 0x00, 0x00, 0x00,
  0x00, 0x80, 0xfe, 0x80, 0xff, 0xff, 0x83, 0xff, 0xff, 0xff, 0x07, 0x3f, 0xee, 0x02, 0x6c, 0x80,
  0x00, 0x00, 0x00, 0x00, 0x40, 0x3f, 0x40, 0x7f, 0x9e, 0x1f, 0xff, 0xff, 0xff, 0xc1, 0xff, 0xf8,
  0x05, 0xf9, 0x00, 0x00, 0x00, 0x00, 0x00, 0x00, 0x3f, 0x80, 0x7f, 0x38, 0x77, 0xff, 0xff, 0xff,
  0xf8, 0x7f, 0xf8, 0x0b, 0xf0, 0x00, 0x00, 0x00, 0x00, 0x00, 0x10, 0x0f, 0x81, 0x7e, 0xe0, 0xcf,
  0xff, 0x83, 0xff, 0xfc, 0x7f, 0xfc, 0x17, 0xe4, 0x00, 0x00, 0x00, 0x00, 0x00, 0x08, 0x4f, 0xe3,
  0xff, 0x03, 0x7f, 0xe0, 0x00, 0x0f, 0xff, 0x17, 0xff, 0x27, 0xc8, 0x00, 0x00, 0x00, 0x00, 0x00,
  0x06, 0x23, 0xfb, 0xff, 0x0c, 0xfe, 0x00, 0x00, 0x01, 0xff, 0xc3, 0xff, 0x1f, 0x80, 0x00, 0x00,
  0x00, 0x00, 0x00, 0x06, 0x13, 0xfd, 0x9f, 0x0b, 0xf8, 0x0f, 0xff, 0xc0, 0x7f, 0xe7, 0xce, 0x7f,
  0x84, 0x80, 0x00, 0x00, 0x00, 0x00, 0x02, 0x09, 0xfc, 0x10, 0x0f, 0xe0, 0xff, 0xff, 0xf8, 0x1f,
  0xc0, 0x20, 0xfe, 0xc8, 0x00, 0x00, 0x00, 0x00, 0x00, 0x01, 0x04, 0x3e, 0x00, 0x07, 0x83, 0xff,
  0xff, 0xff, 0x07, 0x80, 0x11, 0xf8, 0x90, 0x00, 0x08, 0x00, 0x00, 0x00, 0x00, 0x80, 0x1e, 0x80,
  0x03, 0x0e, 0xff, 0xff, 0xff, 0xc1, 0x00, 0x00, 0xf1, 0x80, 0x00, 0x18, 0x00, 0x00, 0x00, 0x10,
  0xc0, 0x9f, 0x00, 0xc0, 0x3b, 0xff, 0x87, 0xff, 0xf0, 0x04, 0x0d, 0xf2, 0x50, 0x80, 0x20, 0x00,
  0x00, 0x00, 0x2c, 0x70, 0x0f, 0xb0, 0x00, 0x6f, 0xf0, 0x00, 0x3f, 0xf8, 0x02, 0x1f, 0xe0, 0x77,
  0x80, 0x40, 0x00, 0x00, 0x04, 0x04, 0x7c, 0x0f, 0xe0, 0x00, 0x3f, 0x80, 0x00, 0x07, 0xf0, 0x01,
  0x0f, 0xc4, 0x7e, 0x00, 0x00, 0x00, 0x00, 0x00, 0x00, 0x7c, 0x03, 0xc0, 0x00, 0x1e, 0x07, 0xff,
  0x81, 0xe0, 0x00, 0x07, 0x80, 0x7e, 0x00, 0x00, 0x00, 0x00, 0x01, 0x00, 0x7e, 0x00, 0xb0, 0x00,
  0x0c, 0x3f, 0xff, 0xf0, 0x40, 0x00, 0x3e, 0x00, 0xff, 0x84, 0x00, 0x00, 0x00, 0x01, 0xe0, 0xfe,
  0x01, 0x38, 0x00, 0x00, 0xef, 0xff, 0xfc, 0x00, 0x00, 0x70, 0x00, 0xff, 0xfc, 0x80, 0x00, 0x00,
  0x01, 0xc1, 0xff, 0x00, 0x19, 0xe0, 0x01, 0xbf, 0xff, 0xfe, 0x00, 0x1e, 0x70, 0x04, 0xff, 0xfc,
  0x00, 0x00, 0x00, 0x01, 0xd8, 0xff, 0xc0, 0x0f, 0xf0, 0x40, 0xff, 0xcf, 0xfe, 0x08, 0x3d, 0xc0,
  0x06, 0x3f, 0xed, 0x90, 0x00, 0x00, 0x00, 0x9f, 0x01, 0x80, 0x7f, 0x70, 0x80, 0x78, 0x00, 0x78,
  0x04, 0x3b, 0xf0, 0x04, 0x07, 0xfd, 0xe0, 0x00, 0x00, 0x00, 0x07, 0xf0, 0x03, 0xff, 0xb0, 0x00,
  0x20, 0x00, 0x10, 0x02, 0x27, 0xfe, 0x00, 0x3f, 0xfd, 0xe0, 0x00, 0x00, 0x00, 0x17, 0xff, 0xff,
  0xff, 0xe0, 0x48, 0x00, 0xfe, 0x00, 0xcc, 0x0f, 0xff, 0xff, 0xff, 0xaf, 0xc0, 0x00, 0x00, 0x00,
  0x07, 0xff, 0xff, 0xff, 0xe0, 0x30, 0x03, 0xff, 0x00, 0x10, 0x1f, 0x7f, 0xff, 0xff, 0x8f, 0xc0,
  0x00, 0x00, 0x00, 0x02, 0xff, 0xff, 0xf9, 0xc0, 0x10, 0x01, 0xfe, 0x00, 0x28, 0x0e, 0x7f, 0xff,
  0xff, 0x0f, 0xc0, 0x00, 0x00, 0x00, 0x03, 0xff, 0xff, 0xfe, 0x08, 0x00, 0x40, 0xfc, 0x30, 0x00,
  0xc1, 0xff, 0xff, 0xff, 0x0f, 0xc0, 0x00, 0x00, 0x00, 0x03, 0xff, 0xff, 0xf8, 0x0c, 0x01, 0x80,
  0x79, 0xfc, 0x00, 0xe0, 0x7f, 0xff, 0xef, 0x1f, 0x00, 0x00, 0x00, 0x00, 0x03, 0xcf, 0xff, 0xc0,
  0x0f, 0x07, 0x06, 0x7b, 0xff, 0x83, 0x40, 0x0f, 0xff, 0xcf, 0x3e, 0x00, 0x00, 0x00, 0x00, 0x01,
  0xe7, 0xfe, 0x00, 0x03, 0x8d, 0x1f, 0x37, 0xff, 0xc6, 0x80, 0x01, 0xff, 0x9f, 0x0c, 0x00, 0x00,
  0x00, 0x00, 0x01, 0xf8, 0x00, 0x00, 0x00, 0x10, 0x7f, 0xb7, 0xff, 0xf0, 0x00, 0x00, 0x00, 0x3f,
  0x1c, 0x00, 0x00, 0x00, 0x00, 0x01, 0xf8, 0x00, 0x3c, 0x00, 0x20, 0xff, 0x97, 0xff, 0xf8, 0x00,
  0xf0, 0x00, 0xff, 0x10, 0x10, 0x00, 0x00, 0x00, 0x01, 0xf8, 0x01, 0xff, 0x00, 0x51, 0xff, 0xc7,
  0xff, 0xfc, 0x03, 0xfc, 0x00, 0xff, 0x30, 0x20, 0x00, 0x00, 0x00, 0x03, 0xfc, 0x01, 0xff, 0xc0,
  0x81, 0xff, 0xcf, 0xff, 0xfc, 0x0f, 0xfe, 0x00, 0xff, 0x00, 0x40, 0x00, 0x00, 0x81, 0x03, 0xfc,
  0x00, 0x7f, 0xe1, 0x01, 0xff, 0xcf, 0xff, 0xfe, 0x0f, 0xf8, 0x00, 0xff, 0x01, 0x80, 0x00, 0x00,
  0x64, 0x83, 0xfc, 0x00, 0x1f, 0xe1, 0x00, 0x7f, 0xcf, 0xff, 0xff, 0x1f, 0xe0, 0x00, 0xff, 0x07,
  0x80, 0x00, 0x00, 0x38, 0x83, 0xfc, 0x00, 0x07, 0xe2, 0x00, 0xff, 0xef, 0xff, 0xff, 0x1f, 0x80,
  0x00, 0xff, 0x0d, 0x00, 0x00, 0x00, 0x30, 0x03, 0xfc, 0x00, 0x87, 0xf0, 0x40, 0x7f, 0xef, 0xff,
  0xfc, 0x9f, 0x80, 0x00, 0xff, 0x10, 0x00, 0x00, 0x00, 0x08, 0x01, 0xfc, 0x0c, 0x47, 0xe0, 0x40,
  0x7f, 0xcf, 0xff, 0xf9, 0x1f, 0x88, 0xc0, 0xfe, 0x00, 0x00, 0x00, 0x00, 0x04, 0x01, 0xfc, 0x0e,
  0x07, 0xe0, 0x40, 0x7f, 0xcf, 0xff, 0xf0, 0x9f, 0x81, 0xc0, 0xff, 0x00, 0x00, 0x00, 0x00, 0x03,
  0x01, 0xfc, 0x0f, 0x8f, 0xf4, 0x40, 0xff, 0xcf, 0xff, 0xe1, 0x9f, 0xc7, 0xc0, 0xff, 0x00, 0x00,
  0x00, 0x00, 0x01, 0x00, 0xfc, 0x0f, 0xff, 0xf0, 0xc3, 0xff, 0xef, 0xff, 0xcf, 0xbf, 0xff, 0xc0,
  0xf8, 0x00, 0x00, 0x00, 0x00, 0x00, 0x80, 0x3c, 0x07, 0xff, 0xf0, 0x53, 0xff, 0xcf, 0xff, 0x3e,
  0x9f, 0xff, 0x80, 0xe0, 0x00, 0x00, 0x00, 0x00, 0x00, 0xc0, 0x06, 0x03, 0xff, 0xf2, 0x4b, 0xff,
  0xcf, 0xfe, 0xff, 0x9f, 0xff, 0x80, 0x80, 0x00, 0x00, 0x00, 0x00, 0x00, 0xf8, 0x02, 0x03, 0xff,
  0xf0, 0x4f, 0xff, 0xcf, 0xfb, 0xfd, 0xbf, 0xff, 0x01, 0x00, 0x08, 0x00, 0x00, 0x00, 0x01, 0xf8,
  0x20, 0x01, 0xff, 0xb0, 0x64, 0xff, 0xcf, 0xef, 0xfd, 0xb7, 0xfe, 0x00, 0x10, 0x00, 0x00, 0x00,
  0x00, 0x00, 0x1c, 0x30, 0x00, 0x7f, 0xf0, 0x7f, 0x7f, 0xcf, 0xbf, 0xfc, 0x9f, 0xf8, 0x00, 0x30,
  0x40, 0x00, 0x00, 0x00, 0x00, 0x08, 0x30, 0x20, 0x0c, 0x60, 0x83, 0xfe, 0x5e, 0x7f, 0xfc, 0x98,
  0x40, 0x00, 0x30, 0x40, 0x00, 0x00, 0x00, 0x00, 0x0a, 0x34, 0x30, 0x00, 0x00, 0x68, 0x3f, 0x89,
  0xff, 0xfe, 0x00, 0x00, 0x4c, 0xb0, 0x40, 0x00, 0x00, 0x00, 0x00, 0x08, 0x34, 0xc0, 0x00, 0x02,
  0xc7, 0x80, 0x23, 0xff, 0xfe, 0x00, 0x00, 0x08, 0xb0, 0x40, 0x00, 0x00, 0x00, 0x00, 0x08, 0x34,
  0x00, 0x00, 0x00, 0x81, 0xff, 0xcf, 0xff, 0x83, 0x00, 0x00, 0x00, 0xb0, 0x40, 0x00, 0x00, 0x00,
  0x00, 0x08, 0x36, 0x20, 0x00, 0x01, 0x00, 0x37, 0x0f, 0xfc, 0x03, 0x80, 0x02, 0x01, 0xb0, 0x40,
  0x00, 0x00, 0x00, 0x00, 0x08, 0x36, 0x00, 0x00, 0x01, 0x00, 0x0e, 0x7f, 0x60, 0x03, 0x00, 0x00,
  0x01, 0xb0, 0x40, 0x00, 0x00, 0x00, 0x00, 0x08, 0x36, 0x04, 0x20, 0x01, 0x00, 0x0c, 0xc6, 0x00,
  0x03, 0x02, 0x01, 0x01, 0xa0, 0x58, 0x00, 0x00, 0x00, 0x00, 0x49, 0x32, 0x02, 0x3c, 0x41, 0x80,
  0x30, 0x38, 0x00, 0x03, 0x08, 0x72, 0x01, 0x20, 0xd8, 0x00, 0x00, 0x00, 0x00, 0x4c, 0x12, 0x01,
  0x1d, 0x01, 0x80, 0xc0, 0x7c, 0x00, 0x07, 0x00, 0x60, 0x01, 0x20, 0xd8, 0x00, 0x00, 0x00, 0x00,
  0x04, 0x82, 0x00, 0x9f, 0x02, 0x83, 0x00, 0x3c, 0x00, 0x07, 0x08, 0xe4, 0x01, 0x00, 0xf8, 0x00,
  0x00, 0x00, 0x00, 0x04, 0x83, 0x00, 0xdf, 0x82, 0x80, 0x00, 0xbe, 0x00, 0x07, 0x01, 0xa4, 0x01,
  0x04, 0xb0, 0x00, 0x00, 0x00, 0x00, 0x04, 0x83, 0x08, 0x6f, 0x80, 0x80, 0x03, 0x7f, 0xc0, 0x0f,
  0x86, 0xc8, 0x03, 0x0d, 0xb0, 0x00, 0x00, 0x00, 0x00, 0x04, 0xc3, 0x0c, 0x31, 0xe0, 0xc0, 0x1f,
  0xcf, 0xf8, 0x1f, 0x8e, 0x50, 0xc3, 0x0d, 0xb0, 0x00, 0x00, 0x00, 0x00, 0x04, 0x41, 0x00, 0x3f,
  0xe2, 0x70, 0xff, 0x87, 0xff, 0xff, 0x0e, 0x70, 0x03, 0x0d, 0xf2, 0x00, 0x00, 0x00, 0x00, 0x10,
  0xc3, 0x00, 0x3f, 0xe2, 0x3f, 0xdf, 0x87, 0xff, 0xff, 0x0e, 0xf0, 0x03, 0x0f, 0xfe, 0x40, 0x00,
  0x00, 0x01, 0xb2, 0xc3, 0x82, 0x0c, 0x0d, 0x3f, 0xff, 0x83, 0xff, 0xfe, 0xc0, 0xc3, 0x06, 0x0f,
  0xff, 0xec, 0x00, 0x00, 0x03, 0xff, 0xcb, 0x9f, 0xc0, 0x1c, 0x8f, 0xff, 0x03, 0xff, 0xfe, 0xe0,
  0x0f, 0xc6, 0x5f, 0xff, 0xf8, 0x00, 0x00, 0x01, 0xff, 0xe9, 0x8e, 0xe7, 0xe6, 0x47, 0x3f, 0x01,
  0xff, 0xfd, 0xff, 0x8f, 0xc6, 0xdf, 0xff, 0xc0, 0x00, 0x00, 0x01, 0xff, 0xf9, 0xc7, 0x8f, 0xff,
  0x20, 0xbf, 0x01, 0xf8, 0x31, 0xff, 0xe7, 0x8e, 0xff, 0xff, 0xc0, 0x00, 0x00, 0x21, 0xff, 0xfd,
  0xc7, 0x9f, 0xff, 0xc0, 0x1f, 0xb7, 0xf0, 0x03, 0xff, 0xf7, 0x8f, 0xff, 0xff, 0x80, 0x00, 0x00,
  0x01, 0xff, 0xff, 0xe6, 0x3f, 0xff, 0xd0, 0x1f, 0xff, 0xf8, 0x07, 0xff, 0xf3, 0x9f, 0xff, 0xf3,
  0x80, 0x00, 0x00, 0x00, 0xff, 0xff, 0xe2, 0x7f, 0xff, 0x40, 0x0f, 0xff, 0xf8, 0x03, 0xff, 0xf8,
  0x1f, 0xff, 0xe3, 0x00, 0x00, 0x00, 0x00, 0xff, 0xff, 0xf2, 0x7c, 0xff, 0x00, 0x0f, 0xff, 0xf8,
  0x03, 0xfc, 0xf8, 0x3f, 0xff, 0xf6, 0x00, 0x00, 0x00, 0x00, 0x3f, 0xfb, 0x70, 0x70, 0x7f, 0x00,
  0x1f, 0xff, 0xf8, 0x03, 0xf8, 0x38, 0x3b, 0x7f, 0xc6, 0x00, 0x00, 0x00, 0x00, 0x8d, 0xf3, 0x78,
  0x60, 0x7f, 0x00, 0x0f, 0x7f, 0xf0, 0x03, 0xf8, 0x08, 0x72, 0x37, 0x84, 0x00, 0x00, 0x00, 0x00,
  0x04, 0xf1, 0x38, 0x00, 0x7f, 0x44, 0x07, 0xff, 0xd8, 0x81, 0xf8, 0x00, 0x76, 0x15, 0x80, 0x00,
  0x00, 0x00, 0x00, 0x02, 0x90, 0x9c, 0x00, 0x7e, 0x60, 0x1f, 0x6f, 0x70, 0x0d, 0xf8, 0x00, 0xe4,
  0x05, 0xc0, 0x00, 0x00, 0x00, 0x00, 0x06, 0x48, 0x1e, 0x01, 0xfe, 0x90, 0x1f, 0xff, 0xf0, 0x26,
  0xfe, 0x01, 0xe0, 0x09, 0xa0, 0x00, 0x00, 0x00, 0x00, 0x06, 0x48, 0x0e, 0x07, 0xfc, 0x8c, 0x0f,
  0xff, 0xc0, 0x46, 0xff, 0x81, 0xc2, 0x0a, 0x00, 0x00, 0x00, 0x00, 0x00, 0x00, 0x25, 0x0f, 0x0f,
  0xf8, 0x07, 0x03, 0xff, 0x01, 0x24, 0x7f, 0xc3, 0x80, 0x10, 0x00, 0x00, 0x00, 0x00, 0x00, 0x00,
  0x20, 0x07, 0x07, 0xf0, 0x01, 0x80, 0x48, 0x02, 0xc8, 0x3f, 0x83, 0x80, 0x10, 0x40, 0x00, 0x00,
  0x00, 0x00, 0x00, 0x10, 0x33, 0x80, 0x00, 0x10, 0xe0, 0x00, 0x0b, 0x90, 0x00, 0x07, 0x30, 0x24,
  0x40, 0x00, 0x00, 0x00, 0x00, 0x00, 0x10, 0x13, 0xc0, 0x01, 0x0c, 0x70, 0x00, 0x17, 0x60, 0x00,
  0x0f, 0x30, 0x40, 0x80, 0x00, 0x00, 0x00, 0x00, 0x00, 0x08, 0x09, 0xc0, 0x05, 0x82, 0x3c, 0x38,
  0x7c, 0x87, 0x80, 0x1e, 0x40, 0x40, 0x00, 0x00, 0x00, 0x00, 0x00, 0x00, 0x0c, 0x09, 0xe0, 0x01,
  0x91, 0x9f, 0x38, 0xbb, 0x13, 0x80, 0x1c, 0x00, 0xd0, 0x00, 0x00, 0x00, 0x00, 0x00, 0x00, 0x04,
  0x0c, 0xf0, 0x41, 0x80, 0x67, 0x93, 0xf4, 0x02, 0x00, 0x3c, 0xc1, 0xf0, 0x00, 0x00, 0x00, 0x00,
  0x00, 0x00, 0x02, 0x0e, 0x38, 0x01, 0x80, 0x13, 0xe5, 0xd8, 0x06, 0x10, 0x71, 0xc1, 0xf0, 0x00,
  0x00, 0x00, 0x00, 0x00, 0x00, 0x01, 0x06, 0x38, 0x10, 0x41, 0x08, 0xdf, 0xa0, 0x0c, 0x20, 0xf1,
  0x83, 0xf0, 0x00, 0x00, 0x00, 0x00, 0x00, 0x00, 0x01, 0x07, 0x1c, 0x0c, 0x31, 0x86, 0x7f, 0x46,
  0x10, 0xc1, 0xe3, 0x12, 0x70, 0x00, 0x00, 0x00, 0x00, 0x00, 0x00, 0x00, 0x00, 0x0e, 0x0c, 0x1c,
  0x60, 0xfd, 0x88, 0xe0, 0xc1, 0xc0, 0x00, 0x68, 0x00, 0x00, 0x00, 0x00, 0x00, 0x00, 0x00, 0x00,
  0x07, 0x02, 0x00, 0xe1, 0xfe, 0x0c, 0x01, 0x03, 0xc0, 0x40, 0x00, 0x00, 0x00, 0x00, 0x00, 0x00,
  0x00, 0x00, 0x00, 0x23, 0x81, 0x03, 0xc7, 0xfc, 0x07, 0x02, 0x07, 0x90, 0x00, 0x00, 0x00, 0x00,
  0x00, 0x00, 0x00, 0x00, 0x00, 0x00, 0x73, 0xc1, 0xc3, 0x89, 0xd0, 0xf9, 0x00, 0x0f, 0x18, 0x00,
  0x04, 0x00, 0x00, 0x00, 0x00, 0x00, 0x00, 0x02, 0x00, 0xb0, 0xe0, 0x20, 0x33, 0xa0, 0xfc, 0x00,
  0x1e, 0x3c, 0x03, 0x01, 0x00, 0x00, 0x00, 0x00, 0x00, 0x00, 0x04, 0x00, 0x40, 0x70, 0x10, 0x4e,
  0x40, 0x3f, 0x00, 0x3c, 0x08, 0x06, 0x60, 0x80, 0x00, 0x00, 0x00, 0x00, 0x00, 0x0f, 0x80, 0x00,
  0x38, 0x01, 0x9d, 0x80, 0x7f, 0x80, 0xf8, 0x00, 0x07, 0xc0, 0x10, 0x00, 0x00, 0x00, 0x00, 0x07,
  0x07, 0xd0, 0x03, 0x1e, 0x03, 0x7a, 0x10, 0x0f, 0xe0, 0xf3, 0x00, 0x6f, 0x80, 0x00, 0x00, 0x00,
  0x00, 0x00, 0x03, 0xff, 0xe8, 0x43, 0x8f, 0x0e, 0xe4, 0x30, 0x27, 0xf3, 0xc7, 0x88, 0x1f, 0xc0,
  0x00, 0x00, 0x00, 0x00, 0x00, 0x00, 0x7f, 0xf4, 0x60, 0xc3, 0x11, 0xc0, 0xb0, 0x09, 0xfd, 0x0c,
  0x18, 0xbf, 0xe0, 0x00, 0x00, 0x00, 0x00, 0x00, 0x00, 0x3f, 0xfa, 0x30, 0xe0, 0x67, 0xa0, 0xfe,
  0x00, 0xfe, 0x1c, 0x31, 0x7f, 0xf8, 0x00, 0x00, 0x00, 0x00, 0x00, 0x00, 0x1f, 0xf9, 0x18, 0x70,
  0x9f, 0x01, 0xff, 0x00, 0x7f, 0xb8, 0x72, 0xff, 0xf8, 0x00, 0x00, 0x00, 0x00, 0x00, 0x00, 0x0f,
  0xfe, 0xcc, 0x03, 0xfc, 0x00, 0x7f, 0x00, 0x0f, 0xd0, 0xcd, 0xff, 0xfc, 0x00, 0x00, 0x00, 0x00,
  0x00, 0x00, 0x1b, 0xff, 0xc6, 0x07, 0xf0, 0x0c, 0x7e, 0xc0, 0x27, 0xc1, 0x9f, 0xff, 0x06, 0x00,
  0x00, 0x00, 0x00, 0x00, 0x00, 0x30, 0xff, 0xe3, 0x0f, 0xc0, 0x06, 0x7f, 0x80, 0x03, 0x62, 0x3f,
  0xf3, 0x00, 0x40, 0x00, 0x00, 0x00, 0x00, 0x00, 0x00, 0xff, 0x98, 0xbf, 0x81, 0x03, 0xfe, 0x07,
  0x00, 0x84, 0x27, 0xe0, 0x00, 0x00, 0x00, 0x00, 0x00, 0x00, 0x00, 0x00, 0x7f, 0xc8, 0x7e, 0xc1,
  0xe1, 0xfe, 0x1f, 0x00, 0x18, 0xcf, 0xf8, 0x00, 0x00, 0x00, 0x00, 0x00, 0x00, 0x06, 0x03, 0xff,
  0xf4, 0x1d, 0x80, 0xf8, 0x7c, 0x7e, 0x00, 0x31, 0xbf, 0xe3, 0x00, 0x00, 0x00, 0x00, 0x00, 0x00,
  0x00, 0x03, 0x83, 0xf0, 0x22, 0x00, 0x7e, 0x3d, 0xf8, 0xe0, 0x47, 0x7f, 0xf0, 0xc0, 0x00, 0x00,
  0x00, 0x00, 0x00, 0x00, 0x00, 0x00, 0xf8, 0x10, 0x02, 0x1f, 0xbf, 0xe3, 0xc1, 0x87, 0xf2, 0x18,
  0x00, 0x00, 0x00, 0x00, 0x00, 0x00, 0x00, 0x00, 0x00, 0x7e, 0x81, 0x01, 0x87, 0xff, 0xc7, 0xc2,
  0x03, 0xfc, 0x00, 0x00, 0x00, 0x00, 0x00, 0x00, 0x00, 0x00, 0x00, 0x00, 0x2f, 0x80, 0xc0, 0x71,
  0xff, 0xbf, 0xcc, 0x27, 0xf0, 0x00, 0x04, 0x00, 0x00, 0x00, 0x00, 0x00, 0x00, 0x00, 0x00, 0x3f,
  0xc0, 0x60, 0x3c, 0x7f, 0xfc, 0x18, 0xcf, 0xf0, 0x00, 0x06, 0x00, 0x00, 0x00, 0x00, 0x00, 0x00,
  0x01, 0x00, 0x3f, 0xe6, 0x18, 0x8f, 0x3f, 0xf2, 0x21, 0x9f, 0xf8, 0x00, 0x00, 0x00, 0x00, 0x00,
  0x00, 0x00, 0x00, 0x00, 0x10, 0x3f, 0xf9, 0x84, 0x07, 0xff, 0xc8, 0x06, 0x7f, 0x0c, 0x00, 0x00,
  0x00, 0x00, 0x00, 0x00, 0x00, 0x00, 0x00, 0x00, 0x3f, 0xfc, 0x60, 0x13, 0xff, 0x80, 0x18, 0xfc,
  0x03, 0x00, 0x00, 0x00, 0x00, 0x00, 0x00, 0x00, 0x00, 0x00, 0x00, 0x60, 0x06, 0x18, 0x04, 0xfe,
  0xc0, 0x73, 0x88, 0x00, 0x00, 0x00, 0x00, 0x00, 0x00, 0x00, 0x00, 0x00, 0x00, 0x00, 0x40, 0x01,
  0x8c, 0x02, 0x7f, 0x00, 0xcf, 0x08, 0x00, 0x00, 0x00, 0x00, 0x00, 0x00, 0x00, 0x00, 0x00, 0x00,
  0x00, 0x40, 0x00, 0x00, 0x00, 0x9c, 0x03, 0x04, 0x00, 0x00, 0x10, 0x00, 0x00, 0x00, 0x00, 0x00,
  0x00, 0x00, 0x00, 0x00, 0x00, 0x00, 0x00, 0x00, 0x38, 0x00, 0x00, 0x80, 0x00, 0x00, 0x00, 0x00,
  0x00, 0x00, 0x00, 0x00, 0x00, 0x00, 0x00, 0x00, 0x00, 0x00, 0x00, 0x00, 0x00, 0x01, 0x80, 0x00,
  0x02, 0x00, 0x00, 0x00, 0x00, 0x00, 0x00, 0x00, 0x00, 0x00, 0x00, 0x00, 0x00, 0x00, 0x00, 0x00,
  0x00, 0x00, 0x00, 0x00, 0x00, 0x00, 0x00, 0x00, 0x00, 0x00, 0x00, 0x00, 0x00, 0x00, 0x00, 0x00,
  0x00, 0x00, 0x40, 0x00, 0x00, 0x00, 0x00, 0x00, 0x00, 0x00, 0x00, 0x00, 0x00, 0x00, 0x00, 0x00,
  0x00, 0x00, 0x00, 0x00, 0x00, 0x60, 0x00, 0x00, 0x00, 0x00, 0x00, 0x00, 0x00, 0x00, 0x00, 0x00,
  0x00, 0x00, 0x00, 0x00, 0x00, 0x00, 0x08, 0x10, 0x64, 0x00, 0x00, 0x00, 0x00, 0x00, 0x00, 0x00,
  0x00, 0x00, 0x00, 0x00, 0x02, 0x00, 0x00, 0x00, 0x00, 0x04, 0x10, 0x02, 0x00, 0x00, 0x00, 0x00,
  0x00, 0x00, 0x00, 0x00, 0x00, 0x00, 0x00, 0x00, 0x00, 0x00, 0x00, 0x00, 0x00, 0x10, 0x00, 0x80,
  0x00, 0x00, 0x00, 0x00, 0x00, 0x00, 0x00, 0x00, 0x00, 0x00, 0x00, 0x00, 0x00, 0x00, 0x00, 0x00,
  0x10, 0x00, 0x00, 0x00, 0x00, 0x00, 0x00, 0x00, 0x00, 0x00, 0x00, 0x00, 0x00, 0x00, 0x00, 0x00,
  0x00, 0x00, 0x00, 0x10, 0x00, 0x00, 0x00, 0x00, 0x00, 0x00, 0x00, 0x00, 0x00, 0x00, 0x00, 0x00,
  0x00, 0x00, 0x00, 0x00, 0x20, 0x00, 0x10, 0x00, 0x08, 0x00, 0x00, 0x00, 0x00, 0x00, 0x00, 0x00,
  0x00, 0x00, 0x00, 0x00, 0x00, 0x00, 0x00, 0x00, 0x00, 0x10, 0x00, 0x0c, 0x00, 0x00, 0x00, 0x00,
  0x00, 0x00, 0x00, 0x00, 0x00, 0x00, 0x00, 0x00, 0x00, 0x00, 0x00, 0x00, 0x00, 0x00, 0x00, 0x00,
  0x00, 0x00, 0x00, 0x00, 0x00, 0x00, 0x00, 0x00, 0x00, 0x00, 0x00, 0x00, 0x00, 0x00, 0x00, 0x00,
  0x00, 0x00, 0x00, 0x00, 0x00, 0x00, 0x00, 0x00, 0x00, 0x00, 0x00, 0x00, 0x00, 0x00, 0x00, 0x00,
  0x00, 0x00, 0x10, 0x00, 0x00, 0x00, 0x00, 0x00, 0x00, 0x00, 0x00, 0x00, 0x00, 0x00, 0x00, 0x00,
  0x00, 0x00, 0x00, 0x00, 0x00, 0x10, 0x00, 0x00, 0x00, 0x00, 0x00, 0x00, 0x00, 0x00, 0x00, 0x00,
  0x00, 0x00, 0x00, 0x00, 0x00, 0x00, 0x00, 0x00, 0x00, 0x00, 0x00, 0x00, 0x00, 0x00, 0x00, 0x00,
  0x00, 0x00
};
// Alias for R3X boot logo

// R3X Cyber Loading Frame 1, 100x120px
const unsigned char bitmap_icon_skull_loading_1 [] PROGMEM = {
  0x00, 0x00, 0x00, 0x00, 0x00, 0x00, 0x00, 0x00, 0x00, 0x00, 0x00, 0x00, 0x00, 0x00, 0x00, 0x00,
  0x00, 0x00, 0x00, 0x00, 0x80, 0x00, 0x00, 0x00, 0x00, 0x00, 0x00, 0x00, 0x00, 0x00, 0x00, 0x00,
  0x00, 0x00, 0x00, 0x00, 0x00, 0x00, 0x00, 0x00, 0x00, 0x00, 0x00, 0x00, 0x00, 0x00, 0x08, 0x00,
  0x00, 0x00, 0x00, 0x00, 0x00, 0x00, 0x00, 0x00, 0x00, 0x40, 0x00, 0x00, 0x00, 0x00, 0x00, 0x00,
  0x00, 0x00, 0x00, 0x00, 0x00, 0x10, 0x70, 0x00, 0x02, 0x03, 0x00, 0x00, 0x00, 0x00, 0x00, 0x00,
  0x00, 0x00, 0x00, 0xf0, 0x04, 0x32, 0x03, 0x00, 0x00, 0x00, 0x00, 0x00, 0x00, 0x00, 0x00, 0x00,
  0xf0, 0x00, 0x38, 0x00, 0x00, 0x00, 0x00, 0x00, 0x00, 0xc0, 0x00, 0x00, 0x0c, 0x7c, 0x02, 0xf8,
  0x00, 0x00, 0x00, 0x18, 0x00, 0x00, 0xe0, 0x00, 0x30, 0x1c, 0x35, 0xb3, 0xe1, 0x68, 0x00, 0x00,
  0x3c, 0x00, 0x00, 0xf0, 0x00, 0x38, 0x0f, 0x7f, 0xff, 0xc0, 0x38, 0x90, 0x00, 0x70, 0x00, 0x00,
  0x78, 0x00, 0x0e, 0x0f, 0xff, 0xff, 0xc1, 0xf0, 0x00, 0x00, 0xf0, 0x00, 0x00, 0x3c, 0x00, 0x07,
  0xef, 0xff, 0xff, 0xfb, 0xe0, 0x80, 0x01, 0xe0, 0x00, 0x00, 0x1e, 0x00, 0x0b, 0xff, 0xf8, 0x07,
  0xff, 0xf3, 0x80, 0x03, 0xc0, 0x00, 0x00, 0x0f, 0x01, 0x09, 0xff, 0x30, 0x07, 0xef, 0xff, 0x84,
  0x07, 0x80, 0x00, 0x00, 0x07, 0x81, 0xc9, 0xfb, 0x80, 0x00, 0x39, 0xff, 0x80, 0x1f, 0x00, 0x00,
  0x00, 0x03, 0xc0, 0xff, 0xfe, 0x1f, 0xff, 0x87, 0x7e, 0x30, 0x1e, 0x00, 0x00, 0x00, 0x01, 0xe0,
  0x7f, 0xf8, 0xff, 0xff, 0xf1, 0xff, 0xe0, 0x3c, 0x00, 0x00, 0x00, 0x00, 0xf0, 0x3e, 0x73, 0xff,
  0xff, 0xfc, 0x7f, 0xc1, 0x78, 0x00, 0x00, 0x00, 0x00, 0xf0, 0x3d, 0x8d, 0xff, 0xff, 0xff, 0x3f,
  0xc2, 0xf0, 0x00, 0x00, 0x00, 0x10, 0x78, 0xfe, 0x17, 0xf0, 0x00, 0xff, 0x8f, 0xf1, 0xe0, 0x00,
  0x00, 0x00, 0x08, 0x3e, 0xee, 0x2f, 0x81, 0xf8, 0x1f, 0xe7, 0xf3, 0xc0, 0x00, 0x00, 0x00, 0x0c,
  0x1f, 0x18, 0x3e, 0x1f, 0xff, 0x87, 0xed, 0x87, 0xe0, 0x00, 0x00, 0x00, 0x04, 0x02, 0x00, 0x04,
  0x12, 0x49, 0x20, 0x80, 0x09, 0x20, 0x00, 0x00, 0x00, 0x00, 0x00, 0x80, 0x01, 0x24, 0x92, 0x48,
  0x00, 0x02, 0x40, 0x00, 0x00, 0x00, 0x12, 0x01, 0x00, 0x02, 0x48, 0x04, 0x90, 0x08, 0x24, 0x92,
  0x00, 0x00, 0x00, 0x00, 0x80, 0x40, 0x00, 0x90, 0x00, 0x24, 0x00, 0x48, 0x04, 0x00, 0x00, 0x00,
  0x01, 0x00, 0x80, 0x01, 0x00, 0x90, 0x08, 0x00, 0x10, 0x08, 0x00, 0x00, 0x00, 0x00, 0x40, 0x00,
  0x00, 0x09, 0x24, 0x80, 0x00, 0x00, 0x12, 0x00, 0x00, 0x00, 0x04, 0x80, 0x09, 0x00, 0x12, 0x49,
  0x00, 0x10, 0x00, 0x24, 0x80, 0x00, 0x00, 0x41, 0x20, 0x02, 0x00, 0x24, 0x92, 0x40, 0x04, 0x00,
  0x09, 0x20, 0x00, 0x00, 0x90, 0x00, 0x24, 0x80, 0x08, 0x00, 0x80, 0x01, 0x00, 0x82, 0x49, 0x00,
  0x00, 0x04, 0x80, 0x49, 0x00, 0x00, 0x00, 0x00, 0x02, 0x40, 0x24, 0x92, 0x00, 0x00, 0x09, 0x24,
  0x92, 0x00, 0x00, 0x90, 0x08, 0x04, 0x92, 0x49, 0x24, 0x00, 0x00, 0x02, 0x49, 0x20, 0x82, 0x01,
  0x24, 0x00, 0x09, 0x24, 0x92, 0x08, 0x00, 0x00, 0x04, 0x92, 0x48, 0x20, 0x10, 0x41, 0x00, 0x02,
  0x49, 0x24, 0x10, 0x00, 0x00, 0x01, 0x24, 0x90, 0x40, 0x00, 0x12, 0x40, 0x20, 0x92, 0x40, 0x20,
  0x00, 0x00, 0x02, 0x49, 0x00, 0x10, 0x41, 0x24, 0x90, 0x40, 0x24, 0x82, 0x00, 0x00, 0x00, 0x04,
  0x00, 0x00, 0x00, 0x12, 0x49, 0x20, 0x00, 0x00, 0x04, 0x10, 0x00, 0x00, 0x01, 0x00, 0x10, 0x00,
  0x24, 0x92, 0x48, 0x00, 0x80, 0x08, 0x20, 0x00, 0x00, 0x02, 0x40, 0x24, 0x00, 0x09, 0x04, 0x92,
  0x01, 0x20, 0x12, 0x40, 0x00, 0x00, 0x04, 0x80, 0x49, 0x00, 0x12, 0x09, 0x24, 0x02, 0x40, 0x24,
  0x00, 0x00, 0x10, 0x01, 0x00, 0x12, 0x08, 0x04, 0x92, 0x49, 0x04, 0x80, 0x08, 0x04, 0x00, 0x04,
  0x82, 0x40, 0x04, 0x90, 0x09, 0x24, 0x92, 0x08, 0x00, 0x12, 0x00, 0x00, 0x08, 0x04, 0x80, 0x41,
  0x00, 0x12, 0x49, 0x24, 0x12, 0x00, 0x24, 0x00, 0x00, 0x00, 0x01, 0x00, 0x02, 0x00, 0x04, 0x92,
  0x48, 0x04, 0x00, 0x08, 0x00, 0x00, 0x00, 0x02, 0x41, 0x04, 0x80, 0x09, 0x04, 0x90, 0x49, 0x04,
  0x12, 0x00, 0x00, 0x01, 0x00, 0x80, 0x49, 0x04, 0x12, 0x49, 0x20, 0x92, 0x48, 0x24, 0x00, 0x00,
  0x00, 0x00, 0x20, 0x92, 0x40, 0x24, 0x92, 0x49, 0x04, 0x90, 0x40, 0x00, 0x00, 0x00, 0x80, 0x00,
  0x24, 0x90, 0x49, 0x24, 0x92, 0x49, 0x20, 0x00, 0x00, 0x00, 0x00, 0x20, 0x00, 0x49, 0x00, 0x92,
  0x09, 0x24, 0x92, 0x40, 0x00, 0x00, 0x00, 0x00, 0x09, 0x00, 0x12, 0x41, 0x24, 0x90, 0x49, 0x04,
  0x80, 0x08, 0x00, 0x00, 0x00, 0x10, 0x00, 0x00, 0x80, 0x49, 0x20, 0x92, 0x00, 0x00, 0x10, 0x00,
  0x00, 0x00, 0x00, 0x82, 0x00, 0x04, 0x82, 0x01, 0x24, 0x00, 0x01, 0x00, 0x80, 0x00, 0x00, 0x01,
  0x20, 0x00, 0x00, 0x24, 0x92, 0x49, 0x00, 0x00, 0x48, 0x00, 0x00, 0x00, 0x10, 0x00, 0x00, 0x00,
  0x09, 0x24, 0x80, 0x00, 0x00, 0x10, 0x00, 0x00, 0x00, 0x00, 0x80, 0x00, 0x00, 0x00, 0x49, 0x00,
  0x80, 0x00, 0x00, 0x80, 0x00, 0x00, 0x00, 0x20, 0x10, 0x08, 0x04, 0x90, 0x01, 0x00, 0x10, 0x40,
  0x20, 0x00, 0x00, 0x90, 0x00, 0x04, 0x00, 0x00, 0x20, 0x00, 0x01, 0x00, 0x10, 0x00, 0x00, 0x00,
  0x00, 0x00, 0x48, 0x00, 0x00, 0x40, 0x00, 0x82, 0x00, 0x00, 0x80, 0x00, 0x00, 0x08, 0x20, 0x02,
  0x08, 0x00, 0x10, 0x01, 0x00, 0x00, 0x41, 0x00, 0x00, 0x00, 0x02, 0x01, 0x04, 0x00, 0x01, 0x24,
  0x02, 0x09, 0x00, 0x80, 0x40, 0x00, 0x00, 0x00, 0x10, 0x01, 0x04, 0x12, 0x09, 0x24, 0x90, 0x08,
  0x04, 0x80, 0x00, 0x00, 0x00, 0x20, 0x12, 0x01, 0x24, 0x82, 0x49, 0x04, 0x80, 0x41, 0x20, 0x00,
  0x00, 0x92, 0x01, 0x04, 0x02, 0x49, 0x04, 0x92, 0x41, 0x00, 0x82, 0x48, 0x00, 0x01, 0x24, 0x12,
  0x41, 0x20, 0x92, 0x09, 0x24, 0x00, 0x49, 0x24, 0x92, 0x00, 0x00, 0x49, 0x00, 0x82, 0x40, 0x04,
  0x02, 0x08, 0x24, 0x10, 0x09, 0x24, 0x00, 0x00, 0x92, 0x49, 0x04, 0x90, 0x09, 0x24, 0x00, 0x49,
  0x20, 0x92, 0x48, 0x00, 0x00, 0x24, 0x90, 0x09, 0x24, 0x02, 0x49, 0x00, 0x92, 0x41, 0x24, 0x90,
  0x00, 0x00, 0x49, 0x24, 0x92, 0x48, 0x04, 0x92, 0x00, 0x24, 0x82, 0x49, 0x00, 0x00, 0x00, 0x12,
  0x48, 0x20, 0x90, 0x01, 0x24, 0x80, 0x49, 0x04, 0x92, 0x00, 0x00, 0x00, 0x04, 0x92, 0x00, 0x20,
  0x02, 0x49, 0x00, 0x90, 0x40, 0x04, 0x10, 0x00, 0x00, 0x09, 0x04, 0x00, 0x40, 0x00, 0x92, 0x00,
  0x20, 0x02, 0x01, 0x00, 0x00, 0x00, 0x02, 0x01, 0x00, 0x92, 0x09, 0x24, 0x02, 0x48, 0x04, 0x00,
  0x00, 0x00, 0x00, 0x00, 0x02, 0x01, 0x20, 0x02, 0x48, 0x00, 0x12, 0x08, 0x00, 0x00, 0x00, 0x00,
  0x01, 0x00, 0x82, 0x40, 0x00, 0x90, 0x09, 0x24, 0x10, 0x08, 0x00, 0x00, 0x00, 0x00, 0x01, 0x04,
  0x80, 0x40, 0x00, 0x12, 0x08, 0x20, 0x00, 0x00, 0x00, 0x00, 0x00, 0x80, 0x40, 0x00, 0x10, 0x00,
  0x20, 0x00, 0x00, 0x00, 0x00, 0x00, 0x00, 0x00, 0x00, 0x80, 0x08, 0x04, 0x00, 0x41, 0x00, 0x00,
  0x00, 0x00, 0x00, 0x00, 0x00, 0x40, 0x20, 0x00, 0x08, 0x20, 0x80, 0x00, 0x20, 0x00, 0x00, 0x00,
  0x00, 0x00, 0x00, 0x01, 0x00, 0x12, 0x09, 0x00, 0x00, 0x48, 0x20, 0x00, 0x00, 0x00, 0x00, 0x20,
  0x90, 0x08, 0x00, 0x92, 0x01, 0x00, 0x90, 0x48, 0x00, 0x00, 0x00, 0x00, 0x01, 0x04, 0x02, 0x40,
  0x24, 0x02, 0x41, 0x00, 0x90, 0x00, 0x00, 0x00, 0x00, 0x00, 0x08, 0x20, 0x90, 0x48, 0x04, 0x02,
  0x00, 0x00, 0x00, 0x00, 0x00, 0x00, 0x00, 0x02, 0x00, 0x20, 0x90, 0x40, 0x04, 0x00, 0x00, 0x00,
  0x00, 0x00, 0x00, 0x00, 0x20, 0x00, 0x41, 0x20, 0x00, 0x08, 0x00, 0x00, 0x00, 0x00, 0x00, 0x00,
  0x00, 0x01, 0x00, 0x00, 0x41, 0x00, 0x10, 0x40, 0x00, 0x00, 0x00, 0x00, 0x00, 0x20, 0x00, 0x40,
  0x04, 0x02, 0x40, 0x20, 0x00, 0x01, 0x00, 0x00, 0x00, 0x00, 0x40, 0x00, 0x80, 0x08, 0x00, 0x90,
  0x40, 0x00, 0x80, 0x00, 0x00, 0x00, 0x04, 0x12, 0x00, 0x20, 0x90, 0x00, 0x24, 0x82, 0x01, 0x00,
  0x00, 0x00, 0x00, 0x01, 0x24, 0x02, 0x09, 0x20, 0x00, 0x08, 0x04, 0x02, 0x40, 0x00, 0x00, 0x00,
  0x00, 0x49, 0x00, 0x82, 0x40, 0x20, 0x12, 0x08, 0x04, 0x90, 0x00, 0x00, 0x00, 0x00, 0x92, 0x48,
  0x00, 0x80, 0x48, 0x04, 0x90, 0x09, 0x20, 0x00, 0x00, 0x00, 0x00, 0x24, 0x80, 0x09, 0x04, 0x92,
  0x01, 0x00, 0x12, 0x48, 0x00, 0x00, 0x00, 0x00, 0x09, 0x24, 0x12, 0x00, 0x24, 0x00, 0x40, 0x24,
  0x80, 0x00, 0x00, 0x00, 0x00, 0x02, 0x40, 0x20, 0x00, 0x48, 0x20, 0x00, 0x08, 0x00, 0x00, 0x00,
  0x00, 0x00, 0x04, 0x80, 0x40, 0x20, 0x90, 0x40, 0x00, 0x12, 0x00, 0x00, 0x00, 0x00, 0x00, 0x09,
  0x20, 0x00, 0x08, 0x20, 0x80, 0x00, 0x24, 0x00, 0x00, 0x00, 0x00, 0x00, 0x10, 0x48, 0x00, 0x82,
  0x49, 0x20, 0x02, 0x40, 0x00, 0x00, 0x00, 0x00, 0x00, 0x00, 0x10, 0x00, 0x20, 0x92, 0x41, 0x04,
  0x80, 0x00, 0x00, 0x00, 0x00, 0x00, 0x00, 0x24, 0x00, 0x09, 0x24, 0x92, 0x09, 0x00, 0x00, 0x00,
  0x00, 0x00, 0x00, 0x00, 0x09, 0x00, 0x02, 0x49, 0x04, 0x92, 0x40, 0x00, 0x00, 0x00, 0x00, 0x00,
  0x00, 0x12, 0x49, 0x00, 0x92, 0x01, 0x24, 0x00, 0x00, 0x00, 0x00, 0x00, 0x00, 0x00, 0x24, 0x80,
  0x01, 0x24, 0x02, 0x48, 0x20, 0x00, 0x00, 0x00, 0x00, 0x00, 0x00, 0x00, 0x00, 0x00, 0x48, 0x04,
  0x80, 0x00, 0x00, 0x00, 0x00, 0x00, 0x00, 0x00, 0x00, 0x08, 0x00, 0x10, 0x01, 0x00, 0x00, 0x00,
  0x00, 0x00, 0x00, 0x00, 0x00, 0x00, 0x00, 0x00, 0x20, 0x00, 0x00, 0x00, 0x00, 0x00, 0x00, 0x00,
  0x00, 0x00, 0x00, 0x00, 0x00, 0x00, 0x00, 0x80, 0x00, 0x00, 0x00, 0x00, 0x00, 0x00, 0x00, 0x00,
  0x00, 0x00, 0x00, 0x00, 0x00, 0x00, 0x00, 0x00, 0x00, 0x00, 0x00, 0x00, 0x00, 0x00, 0x00, 0x00,
  0x00, 0x00, 0x00, 0x00, 0x00, 0x00, 0x00, 0x00, 0x00, 0x00, 0x00, 0x00, 0x01, 0x00, 0x00, 0x00,
  0x00, 0x00, 0x00, 0x00, 0x00, 0x00, 0x00, 0x00, 0x00, 0x00, 0x00, 0x00, 0x00, 0x00, 0x00, 0x00,
  0x00, 0x00, 0x00, 0x00, 0x00, 0x00, 0x20, 0x10, 0x00, 0x00, 0x00, 0x00, 0x00, 0x00, 0x00, 0x00,
  0x00, 0x00, 0x00, 0x00, 0x00, 0x00, 0x00, 0x00, 0x00, 0x00, 0x00, 0x00, 0x00, 0x00, 0x00, 0x00,
  0x00, 0x00, 0x00, 0x00, 0x00, 0x00, 0x00, 0x00, 0x00, 0x00, 0x00, 0x00, 0x00, 0x00, 0x02, 0x00,
  0x00, 0x00, 0x00, 0x00, 0x00, 0x00, 0x00, 0x00, 0x00, 0x00, 0x00, 0x00, 0x00, 0x00, 0x00, 0x00,
  0x00, 0x00, 0x00, 0x00, 0x00, 0x00, 0x00, 0x00, 0x00, 0x00, 0x00, 0x00, 0x00, 0x00, 0x00, 0x00,
  0x00, 0x00, 0x00, 0x00, 0x00, 0x00, 0x00, 0x00, 0x00, 0x00, 0x00, 0x00, 0x00, 0x00, 0x00, 0x00,
  0x00, 0x00, 0x00, 0x00, 0x00, 0x00, 0x00, 0x00
};

// R3X Cyber Loading Frame 2, 100x120px
const unsigned char bitmap_icon_skull_loading_2 [] PROGMEM = {
  0x00, 0x00, 0x00, 0x00, 0x00, 0x00, 0x00, 0x00, 0x00, 0x00, 0x00, 0x00, 0x00, 0x00, 0x00, 0x00,
  0x00, 0x00, 0x00, 0x00, 0x80, 0x00, 0x00, 0x00, 0x00, 0x00, 0x00, 0x00, 0x00, 0x00, 0x00, 0x00,
  0x00, 0x00, 0x00, 0x00, 0x00, 0x00, 0x00, 0x00, 0x00, 0x00, 0x00, 0x00, 0x00, 0x00, 0x08, 0x00,
  0x00, 0x00, 0x00, 0x00, 0x00, 0x00, 0x00, 0x00, 0x00, 0x40, 0x00, 0x00, 0x00, 0x00, 0x00, 0x00,
  0x00, 0x00, 0x00, 0x00, 0x00, 0x00, 0x10, 0x00, 0x00, 0x02, 0x00, 0x00, 0x00, 0x00, 0x00, 0x00,
  0x00, 0x00, 0x00, 0x20, 0x00, 0x00, 0x00, 0x00, 0x00, 0x00, 0x00, 0x00, 0x00, 0x00, 0x00, 0x00,
  0x40, 0x00, 0x10, 0x00, 0x00, 0x00, 0x00, 0x00, 0x00, 0x00, 0x00, 0x00, 0x04, 0x10, 0x00, 0x20,
  0x00, 0x00, 0x00, 0x10, 0x00, 0x00, 0x40, 0x00, 0x10, 0x08, 0x24, 0x92, 0x41, 0x20, 0x00, 0x00,
  0x24, 0x00, 0x00, 0xf0, 0x00, 0x38, 0x0f, 0x7f, 0xff, 0xc0, 0x38, 0x90, 0x00, 0x70, 0x00, 0x00,
  0x78, 0x00, 0x0e, 0x0f, 0xff, 0xff, 0xc1, 0xf0, 0x00, 0x00, 0xf0, 0x00, 0x00, 0x3c, 0x00, 0x07,
  0xef, 0xff, 0xff, 0xfb, 0xe0, 0x80, 0x01, 0xe0, 0x00, 0x00, 0x1e, 0x00, 0x0b, 0xff, 0xf8, 0x07,
  0xff, 0xf3, 0x80, 0x03, 0xc0, 0x00, 0x00, 0x0f, 0x01, 0x09, 0xff, 0x30, 0x07, 0xef, 0xff, 0x84,
  0x07, 0x80, 0x00, 0x00, 0x07, 0x81, 0xc9, 0xfb, 0x80, 0x00, 0x39, 0xff, 0x80, 0x1f, 0x00, 0x00,
  0x00, 0x03, 0xc0, 0xff, 0xfe, 0x1f, 0xff, 0x87, 0x7e, 0x30, 0x1e, 0x00, 0x00, 0x00, 0x01, 0xe0,
  0x7f, 0xf8, 0xff, 0xff, 0xf1, 0xff, 0xe0, 0x3c, 0x00, 0x00, 0x00, 0x00, 0xf0, 0x3e, 0x73, 0xff,
  0xff, 0xfc, 0x7f, 0xc1, 0x78, 0x00, 0x00, 0x00, 0x00, 0xf0, 0x3d, 0x8d, 0xff, 0xff, 0xff, 0x3f,
  0xc2, 0xf0, 0x00, 0x00, 0x00, 0x10, 0x78, 0xfe, 0x17, 0xf0, 0x00, 0xff, 0x8f, 0xf1, 0xe0, 0x00,
  0x00, 0x00, 0x08, 0x3e, 0xee, 0x2f, 0x81, 0xf8, 0x1f, 0xe7, 0xf3, 0xc0, 0x00, 0x00, 0x00, 0x0c,
  0x1f, 0x18, 0x3e, 0x1f, 0xff, 0x87, 0xed, 0x87, 0xe0, 0x00, 0x00, 0x00, 0x04, 0x0f, 0x00, 0x1c,
  0x7f, 0xff, 0xe1, 0xc0, 0x0f, 0x20, 0x00, 0x00, 0x00, 0x02, 0x03, 0x80, 0x01, 0xff, 0xff, 0xf8,
  0x80, 0x0e, 0x40, 0x01, 0x00, 0x00, 0x33, 0x03, 0xc0, 0x02, 0xfe, 0x07, 0xfc, 0x0c, 0x7e, 0x9b,
  0x02, 0x00, 0x00, 0x19, 0xc1, 0xf0, 0x03, 0xf0, 0x00, 0xfc, 0x00, 0x7c, 0x1e, 0x00, 0x00, 0x00,
  0x01, 0xc0, 0xe0, 0x01, 0xc3, 0xfc, 0x38, 0x00, 0x38, 0x3c, 0x00, 0x00, 0x01, 0x01, 0xe0, 0x50,
  0x00, 0x9f, 0xff, 0x80, 0x00, 0xd0, 0x3f, 0x00, 0x00, 0x00, 0xc7, 0xe0, 0x19, 0x00, 0x3f, 0xff,
  0xc0, 0x19, 0x80, 0x3f, 0xe0, 0x00, 0x00, 0xc3, 0xf8, 0x0f, 0x84, 0x3f, 0xff, 0xc2, 0x1f, 0x00,
  0x9f, 0xf1, 0x00, 0x00, 0x9c, 0x10, 0x3e, 0xc0, 0x1c, 0x03, 0x80, 0x17, 0x80, 0x87, 0xff, 0x00,
  0x00, 0x1f, 0x80, 0xff, 0x80, 0x08, 0x20, 0x80, 0x0f, 0xf0, 0x3f, 0xfe, 0x00, 0x00, 0x0f, 0xff,
  0xff, 0x80, 0x01, 0xf8, 0x0a, 0x1f, 0xff, 0xff, 0x3c, 0x00, 0x00, 0x03, 0xff, 0xfb, 0x82, 0x03,
  0xfc, 0x04, 0x1d, 0xff, 0xff, 0x3e, 0x00, 0x00, 0x04, 0x92, 0x48, 0x20, 0x10, 0x41, 0x00, 0x02,
  0x49, 0x24, 0x10, 0x00, 0x00, 0x01, 0x24, 0x90, 0x40, 0x00, 0x12, 0x40, 0x20, 0x92, 0x40, 0x20,
  0x00, 0x00, 0x02, 0x49, 0x00, 0x10, 0x41, 0x24, 0x90, 0x40, 0x24, 0x82, 0x00, 0x00, 0x00, 0x04,
  0x00, 0x00, 0x00, 0x12, 0x49, 0x20, 0x00, 0x00, 0x04, 0x10, 0x00, 0x00, 0x01, 0x00, 0x10, 0x00,
  0x24, 0x92, 0x48, 0x00, 0x80, 0x08, 0x20, 0x00, 0x00, 0x02, 0x40, 0x24, 0x00, 0x09, 0x04, 0x92,
  0x01, 0x20, 0x12, 0x40, 0x00, 0x00, 0x04, 0x80, 0x49, 0x00, 0x12, 0x09, 0x24, 0x02, 0x40, 0x24,
  0x00, 0x00, 0x10, 0x01, 0x00, 0x12, 0x08, 0x04, 0x92, 0x49, 0x04, 0x80, 0x08, 0x04, 0x00, 0x04,
  0x82, 0x40, 0x04, 0x90, 0x09, 0x24, 0x92, 0x08, 0x00, 0x12, 0x00, 0x00, 0x08, 0x04, 0x80, 0x41,
  0x00, 0x12, 0x49, 0x24, 0x12, 0x00, 0x24, 0x00, 0x00, 0x00, 0x01, 0x00, 0x02, 0x00, 0x04, 0x92,
  0x48, 0x04, 0x00, 0x08, 0x00, 0x00, 0x00, 0x02, 0x41, 0x04, 0x80, 0x09, 0x04, 0x90, 0x49, 0x04,
  0x12, 0x00, 0x00, 0x01, 0x00, 0x80, 0x49, 0x04, 0x12, 0x49, 0x20, 0x92, 0x48, 0x24, 0x00, 0x00,
  0x00, 0x00, 0x20, 0x92, 0x40, 0x24, 0x92, 0x49, 0x04, 0x90, 0x40, 0x00, 0x00, 0x00, 0x80, 0x00,
  0x24, 0x90, 0x49, 0x24, 0x92, 0x49, 0x20, 0x00, 0x00, 0x00, 0x00, 0x20, 0x00, 0x49, 0x00, 0x92,
  0x09, 0x24, 0x92, 0x40, 0x00, 0x00, 0x00, 0x00, 0x09, 0x00, 0x12, 0x41, 0x24, 0x90, 0x49, 0x04,
  0x80, 0x08, 0x00, 0x00, 0x00, 0x10, 0x00, 0x00, 0x80, 0x49, 0x20, 0x92, 0x00, 0x00, 0x10, 0x00,
  0x00, 0x00, 0x00, 0x82, 0x00, 0x04, 0x82, 0x01, 0x24, 0x00, 0x01, 0x00, 0x80, 0x00, 0x00, 0x01,
  0x20, 0x00, 0x00, 0x24, 0x92, 0x49, 0x00, 0x00, 0x48, 0x00, 0x00, 0x00, 0x10, 0x00, 0x00, 0x00,
  0x09, 0x24, 0x80, 0x00, 0x00, 0x10, 0x00, 0x00, 0x00, 0x00, 0x80, 0x00, 0x00, 0x00, 0x49, 0x00,
  0x80, 0x00, 0x00, 0x80, 0x00, 0x00, 0x00, 0x20, 0x10, 0x08, 0x04, 0x90, 0x01, 0x00, 0x10, 0x40,
  0x20, 0x00, 0x00, 0x90, 0x00, 0x04, 0x00, 0x00, 0x20, 0x00, 0x01, 0x00, 0x10, 0x00, 0x00, 0x00,
  0x00, 0x00, 0x48, 0x00, 0x00, 0x40, 0x00, 0x82, 0x00, 0x00, 0x80, 0x00, 0x00, 0x08, 0x20, 0x02,
  0x08, 0x00, 0x10, 0x01, 0x00, 0x00, 0x41, 0x00, 0x00, 0x00, 0x02, 0x01, 0x04, 0x00, 0x01, 0x24,
  0x02, 0x09, 0x00, 0x80, 0x40, 0x00, 0x00, 0x00, 0x10, 0x01, 0x04, 0x12, 0x09, 0x24, 0x90, 0x08,
  0x04, 0x80, 0x00, 0x00, 0x00, 0x20, 0x12, 0x01, 0x24, 0x82, 0x49, 0x04, 0x80, 0x41, 0x20, 0x00,
  0x00, 0x92, 0x01, 0x04, 0x02, 0x49, 0x04, 0x92, 0x41, 0x00, 0x82, 0x48, 0x00, 0x01, 0x24, 0x12,
  0x41, 0x20, 0x92, 0x09, 0x24, 0x00, 0x49, 0x24, 0x92, 0x00, 0x00, 0x49, 0x00, 0x82, 0x40, 0x04,
  0x02, 0x08, 0x24, 0x10, 0x09, 0x24, 0x00, 0x00, 0x92, 0x49, 0x04, 0x90, 0x09, 0x24, 0x00, 0x49,
  0x20, 0x92, 0x48, 0x00, 0x00, 0x24, 0x90, 0x09, 0x24, 0x02, 0x49, 0x00, 0x92, 0x41, 0x24, 0x90,
  0x00, 0x00, 0x49, 0x24, 0x92, 0x48, 0x04, 0x92, 0x00, 0x24, 0x82, 0x49, 0x00, 0x00, 0x00, 0x12,
  0x48, 0x20, 0x90, 0x01, 0x24, 0x80, 0x49, 0x04, 0x92, 0x00, 0x00, 0x00, 0x04, 0x92, 0x00, 0x20,
  0x02, 0x49, 0x00, 0x90, 0x40, 0x04, 0x10, 0x00, 0x00, 0x09, 0x04, 0x00, 0x40, 0x00, 0x92, 0x00,
  0x20, 0x02, 0x01, 0x00, 0x00, 0x00, 0x02, 0x01, 0x00, 0x92, 0x09, 0x24, 0x02, 0x48, 0x04, 0x00,
  0x00, 0x00, 0x00, 0x00, 0x02, 0x01, 0x20, 0x02, 0x48, 0x00, 0x12, 0x08, 0x00, 0x00, 0x00, 0x00,
  0x01, 0x00, 0x82, 0x40, 0x00, 0x90, 0x09, 0x24, 0x10, 0x08, 0x00, 0x00, 0x00, 0x00, 0x01, 0x04,
  0x80, 0x40, 0x00, 0x12, 0x08, 0x20, 0x00, 0x00, 0x00, 0x00, 0x00, 0x80, 0x40, 0x00, 0x10, 0x00,
  0x20, 0x00, 0x00, 0x00, 0x00, 0x00, 0x00, 0x00, 0x00, 0x80, 0x08, 0x04, 0x00, 0x41, 0x00, 0x00,
  0x00, 0x00, 0x00, 0x00, 0x00, 0x40, 0x20, 0x00, 0x08, 0x20, 0x80, 0x00, 0x20, 0x00, 0x00, 0x00,
  0x00, 0x00, 0x00, 0x01, 0x00, 0x12, 0x09, 0x00, 0x00, 0x48, 0x20, 0x00, 0x00, 0x00, 0x00, 0x20,
  0x90, 0x08, 0x00, 0x92, 0x01, 0x00, 0x90, 0x48, 0x00, 0x00, 0x00, 0x00, 0x01, 0x04, 0x02, 0x40,
  0x24, 0x02, 0x41, 0x00, 0x90, 0x00, 0x00, 0x00, 0x00, 0x00, 0x08, 0x20, 0x90, 0x48, 0x04, 0x02,
  0x00, 0x00, 0x00, 0x00, 0x00, 0x00, 0x00, 0x02, 0x00, 0x20, 0x90, 0x40, 0x04, 0x00, 0x00, 0x00,
  0x00, 0x00, 0x00, 0x00, 0x20, 0x00, 0x41, 0x20, 0x00, 0x08, 0x00, 0x00, 0x00, 0x00, 0x00, 0x00,
  0x00, 0x01, 0x00, 0x00, 0x41, 0x00, 0x10, 0x40, 0x00, 0x00, 0x00, 0x00, 0x00, 0x20, 0x00, 0x40,
  0x04, 0x02, 0x40, 0x20, 0x00, 0x01, 0x00, 0x00, 0x00, 0x00, 0x40, 0x00, 0x80, 0x08, 0x00, 0x90,
  0x40, 0x00, 0x80, 0x00, 0x00, 0x00, 0x04, 0x12, 0x00, 0x20, 0x90, 0x00, 0x24, 0x82, 0x01, 0x00,
  0x00, 0x00, 0x00, 0x01, 0x24, 0x02, 0x09, 0x20, 0x00, 0x08, 0x04, 0x02, 0x40, 0x00, 0x00, 0x00,
  0x00, 0x49, 0x00, 0x82, 0x40, 0x20, 0x12, 0x08, 0x04, 0x90, 0x00, 0x00, 0x00, 0x00, 0x92, 0x48,
  0x00, 0x80, 0x48, 0x04, 0x90, 0x09, 0x20, 0x00, 0x00, 0x00, 0x00, 0x24, 0x80, 0x09, 0x04, 0x92,
  0x01, 0x00, 0x12, 0x48, 0x00, 0x00, 0x00, 0x00, 0x09, 0x24, 0x12, 0x00, 0x24, 0x00, 0x40, 0x24,
  0x80, 0x00, 0x00, 0x00, 0x00, 0x02, 0x40, 0x20, 0x00, 0x48, 0x20, 0x00, 0x08, 0x00, 0x00, 0x00,
  0x00, 0x00, 0x04, 0x80, 0x40, 0x20, 0x90, 0x40, 0x00, 0x12, 0x00, 0x00, 0x00, 0x00, 0x00, 0x09,
  0x20, 0x00, 0x08, 0x20, 0x80, 0x00, 0x24, 0x00, 0x00, 0x00, 0x00, 0x00, 0x10, 0x48, 0x00, 0x82,
  0x49, 0x20, 0x02, 0x40, 0x00, 0x00, 0x00, 0x00, 0x00, 0x00, 0x10, 0x00, 0x20, 0x92, 0x41, 0x04,
  0x80, 0x00, 0x00, 0x00, 0x00, 0x00, 0x00, 0x24, 0x00, 0x09, 0x24, 0x92, 0x09, 0x00, 0x00, 0x00,
  0x00, 0x00, 0x00, 0x00, 0x09, 0x00, 0x02, 0x49, 0x04, 0x92, 0x40, 0x00, 0x00, 0x00, 0x00, 0x00,
  0x00, 0x12, 0x49, 0x00, 0x92, 0x01, 0x24, 0x00, 0x00, 0x00, 0x00, 0x00, 0x00, 0x00, 0x24, 0x80,
  0x01, 0x24, 0x02, 0x48, 0x20, 0x00, 0x00, 0x00, 0x00, 0x00, 0x00, 0x00, 0x00, 0x00, 0x48, 0x04,
  0x80, 0x00, 0x00, 0x00, 0x00, 0x00, 0x00, 0x00, 0x00, 0x08, 0x00, 0x10, 0x01, 0x00, 0x00, 0x00,
  0x00, 0x00, 0x00, 0x00, 0x00, 0x00, 0x00, 0x00, 0x20, 0x00, 0x00, 0x00, 0x00, 0x00, 0x00, 0x00,
  0x00, 0x00, 0x00, 0x00, 0x00, 0x00, 0x00, 0x80, 0x00, 0x00, 0x00, 0x00, 0x00, 0x00, 0x00, 0x00,
  0x00, 0x00, 0x00, 0x00, 0x00, 0x00, 0x00, 0x00, 0x00, 0x00, 0x00, 0x00, 0x00, 0x00, 0x00, 0x00,
  0x00, 0x00, 0x00, 0x00, 0x00, 0x00, 0x00, 0x00, 0x00, 0x00, 0x00, 0x00, 0x01, 0x00, 0x00, 0x00,
  0x00, 0x00, 0x00, 0x00, 0x00, 0x00, 0x00, 0x00, 0x00, 0x00, 0x00, 0x00, 0x00, 0x00, 0x00, 0x00,
  0x00, 0x00, 0x00, 0x00, 0x00, 0x00, 0x20, 0x10, 0x00, 0x00, 0x00, 0x00, 0x00, 0x00, 0x00, 0x00,
  0x00, 0x00, 0x00, 0x00, 0x00, 0x00, 0x00, 0x00, 0x00, 0x00, 0x00, 0x00, 0x00, 0x00, 0x00, 0x00,
  0x00, 0x00, 0x00, 0x00, 0x00, 0x00, 0x00, 0x00, 0x00, 0x00, 0x00, 0x00, 0x00, 0x00, 0x02, 0x00,
  0x00, 0x00, 0x00, 0x00, 0x00, 0x00, 0x00, 0x00, 0x00, 0x00, 0x00, 0x00, 0x00, 0x00, 0x00, 0x00,
  0x00, 0x00, 0x00, 0x00, 0x00, 0x00, 0x00, 0x00, 0x00, 0x00, 0x00, 0x00, 0x00, 0x00, 0x00, 0x00,
  0x00, 0x00, 0x00, 0x00, 0x00, 0x00, 0x00, 0x00, 0x00, 0x00, 0x00, 0x00, 0x00, 0x00, 0x00, 0x00,
  0x00, 0x00, 0x00, 0x00, 0x00, 0x00, 0x00, 0x00
};

// R3X Cyber Loading Frame 3, 100x120px
const unsigned char bitmap_icon_skull_loading_3 [] PROGMEM = {
  0x00, 0x00, 0x00, 0x00, 0x00, 0x00, 0x00, 0x00, 0x00, 0x00, 0x00, 0x00, 0x00, 0x00, 0x00, 0x00,
  0x00, 0x00, 0x00, 0x00, 0x80, 0x00, 0x00, 0x00, 0x00, 0x00, 0x00, 0x00, 0x00, 0x00, 0x00, 0x00,
  0x00, 0x00, 0x00, 0x00, 0x00, 0x00, 0x00, 0x00, 0x00, 0x00, 0x00, 0x00, 0x00, 0x00, 0x08, 0x00,
  0x00, 0x00, 0x00, 0x00, 0x00, 0x00, 0x00, 0x00, 0x00, 0x40, 0x00, 0x00, 0x00, 0x00, 0x00, 0x00,
  0x00, 0x00, 0x00, 0x00, 0x00, 0x00, 0x10, 0x00, 0x00, 0x02, 0x00, 0x00, 0x00, 0x00, 0x00, 0x00,
  0x00, 0x00, 0x00, 0x20, 0x00, 0x00, 0x00, 0x00, 0x00, 0x00, 0x00, 0x00, 0x00, 0x00, 0x00, 0x00,
  0x40, 0x00, 0x10, 0x00, 0x00, 0x00, 0x00, 0x00, 0x00, 0x00, 0x00, 0x00, 0x04, 0x10, 0x00, 0x20,
  0x00, 0x00, 0x00, 0x10, 0x00, 0x00, 0x40, 0x00, 0x10, 0x08, 0x24, 0x92, 0x41, 0x20, 0x00, 0x00,
  0x24, 0x00, 0x00, 0x90, 0x00, 0x20, 0x02, 0x49, 0x24, 0x80, 0x08, 0x00, 0x00, 0x40, 0x00, 0x00,
  0x20, 0x00, 0x08, 0x04, 0x92, 0x49, 0x00, 0x90, 0x00, 0x00, 0x90, 0x00, 0x00, 0x08, 0x00, 0x02,
  0x49, 0x24, 0x92, 0x49, 0x20, 0x80, 0x01, 0x20, 0x00, 0x00, 0x12, 0x00, 0x00, 0x92, 0x48, 0x04,
  0x92, 0x41, 0x00, 0x02, 0x40, 0x00, 0x00, 0x04, 0x00, 0x09, 0x24, 0x10, 0x01, 0x24, 0x92, 0x00,
  0x04, 0x80, 0x00, 0x00, 0x01, 0x00, 0x80, 0x49, 0x00, 0x00, 0x09, 0x24, 0x80, 0x09, 0x00, 0x00,
  0x00, 0x02, 0x40, 0x24, 0x92, 0x09, 0x24, 0x82, 0x48, 0x20, 0x12, 0x00, 0x00, 0x00, 0x00, 0x80,
  0x49, 0x20, 0x92, 0x49, 0x20, 0x92, 0x40, 0x24, 0x00, 0x00, 0x00, 0x00, 0x20, 0x12, 0x41, 0x24,
  0x92, 0x48, 0x24, 0x80, 0x48, 0x00, 0x00, 0x00, 0x00, 0x40, 0x24, 0x80, 0x49, 0x24, 0x92, 0x09,
  0x00, 0x90, 0x00, 0x00, 0x00, 0x00, 0x10, 0x48, 0x04, 0x90, 0x00, 0x24, 0x82, 0x41, 0x20, 0x00,
  0x00, 0x00, 0x08, 0x24, 0x82, 0x09, 0x00, 0x90, 0x09, 0x24, 0x92, 0x40, 0x00, 0x00, 0x00, 0x00,
  0x09, 0x00, 0x12, 0x09, 0x24, 0x82, 0x49, 0x04, 0x80, 0x00, 0x00, 0x00, 0x04, 0x0f, 0x00, 0x1c,
  0x7f, 0xff, 0xe1, 0xc0, 0x0f, 0x20, 0x00, 0x00, 0x00, 0x02, 0x03, 0x80, 0x01, 0xff, 0xff, 0xf8,
  0x80, 0x0e, 0x40, 0x01, 0x00, 0x00, 0x33, 0x03, 0xc0, 0x02, 0xfe, 0x07, 0xfc, 0x0c, 0x7e, 0x9b,
  0x02, 0x00, 0x00, 0x19, 0xc1, 0xf0, 0x03, 0xf0, 0x00, 0xfc, 0x00, 0x7c, 0x1e, 0x00, 0x00, 0x00,
  0x01, 0xc0, 0xe0, 0x01, 0xc3, 0xfc, 0x38, 0x00, 0x38, 0x3c, 0x00, 0x00, 0x01, 0x01, 0xe0, 0x50,
  0x00, 0x9f, 0xff, 0x80, 0x00, 0xd0, 0x3f, 0x00, 0x00, 0x00, 0xc7, 0xe0, 0x19, 0x00, 0x3f, 0xff,
  0xc0, 0x19, 0x80, 0x3f, 0xe0, 0x00, 0x00, 0xc3, 0xf8, 0x0f, 0x84, 0x3f, 0xff, 0xc2, 0x1f, 0x00,
  0x9f, 0xf1, 0x00, 0x00, 0x9c, 0x10, 0x3e, 0xc0, 0x1c, 0x03, 0x80, 0x17, 0x80, 0x87, 0xff, 0x00,
  0x00, 0x1f, 0x80, 0xff, 0x80, 0x08, 0x20, 0x80, 0x0f, 0xf0, 0x3f, 0xfe, 0x00, 0x00, 0x0f, 0xff,
  0xff, 0x80, 0x01, 0xf8, 0x0a, 0x1f, 0xff, 0xff, 0x3c, 0x00, 0x00, 0x03, 0xff, 0xfb, 0x82, 0x03,
  0xfc, 0x04, 0x1d, 0xff, 0xff, 0x3e, 0x00, 0x00, 0x07, 0xff, 0xfe, 0x60, 0x10, 0xf1, 0x00, 0x47,
  0xff, 0xff, 0x3c, 0x00, 0x00, 0x07, 0xff, 0xf8, 0x70, 0x00, 0x77, 0xc0, 0x61, 0xff, 0xf6, 0x78,
  0x00, 0x00, 0x07, 0x7f, 0xc0, 0x18, 0xc7, 0x6f, 0xf1, 0xc0, 0x3f, 0xee, 0x30, 0x00, 0x00, 0x07,
  0x00, 0x00, 0x09, 0x1f, 0x6f, 0xf8, 0x00, 0x02, 0x0e, 0x30, 0x00, 0x00, 0x07, 0xc0, 0x18, 0x02,
  0x3f, 0xbf, 0xfc, 0x01, 0x80, 0x3e, 0x61, 0x00, 0x00, 0x07, 0xc0, 0x7e, 0x04, 0x3f, 0x9f, 0xfe,
  0x07, 0xe0, 0x3e, 0x40, 0x00, 0x00, 0x07, 0xc0, 0x7f, 0x08, 0x7f, 0x9f, 0xff, 0x0f, 0xe0, 0x3e,
  0x04, 0x00, 0x18, 0x07, 0xc0, 0x1f, 0x88, 0x5f, 0xdf, 0xff, 0x9f, 0x80, 0x3e, 0x0c, 0x00, 0x0c,
  0x87, 0xc0, 0x07, 0x90, 0x1f, 0xff, 0xff, 0x9e, 0x00, 0x3e, 0x30, 0x00, 0x0c, 0x07, 0xc0, 0x47,
  0x80, 0x1f, 0xff, 0xfe, 0x1e, 0x00, 0x3e, 0x40, 0x00, 0x00, 0x07, 0xc1, 0x07, 0x80, 0x1f, 0xff,
  0xfe, 0x9e, 0x0c, 0x3e, 0x00, 0x00, 0x01, 0x07, 0xc1, 0x8f, 0x80, 0x1f, 0xdf, 0xfc, 0xdf, 0x1c,
  0x3e, 0x00, 0x00, 0x01, 0x03, 0xc1, 0xff, 0xc4, 0x7f, 0xff, 0xfb, 0xff, 0xf8, 0x3c, 0x00, 0x00,
  0x00, 0x00, 0x20, 0x92, 0x40, 0x24, 0x92, 0x49, 0x04, 0x90, 0x40, 0x00, 0x00, 0x00, 0x80, 0x00,
  0x24, 0x90, 0x49, 0x24, 0x92, 0x49, 0x20, 0x00, 0x00, 0x00, 0x00, 0x20, 0x00, 0x49, 0x00, 0x92,
  0x09, 0x24, 0x92, 0x40, 0x00, 0x00, 0x00, 0x00, 0x09, 0x00, 0x12, 0x41, 0x24, 0x90, 0x49, 0x04,
  0x80, 0x08, 0x00, 0x00, 0x00, 0x10, 0x00, 0x00, 0x80, 0x49, 0x20, 0x92, 0x00, 0x00, 0x10, 0x00,
  0x00, 0x00, 0x00, 0x82, 0x00, 0x04, 0x82, 0x01, 0x24, 0x00, 0x01, 0x00, 0x80, 0x00, 0x00, 0x01,
  0x20, 0x00, 0x00, 0x24, 0x92, 0x49, 0x00, 0x00, 0x48, 0x00, 0x00, 0x00, 0x10, 0x00, 0x00, 0x00,
  0x09, 0x24, 0x80, 0x00, 0x00, 0x10, 0x00, 0x00, 0x00, 0x00, 0x80, 0x00, 0x00, 0x00, 0x49, 0x00,
  0x80, 0x00, 0x00, 0x80, 0x00, 0x00, 0x00, 0x20, 0x10, 0x08, 0x04, 0x90, 0x01, 0x00, 0x10, 0x40,
  0x20, 0x00, 0x00, 0x90, 0x00, 0x04, 0x00, 0x00, 0x20, 0x00, 0x01, 0x00, 0x10, 0x00, 0x00, 0x00,
  0x00, 0x00, 0x48, 0x00, 0x00, 0x40, 0x00, 0x82, 0x00, 0x00, 0x80, 0x00, 0x00, 0x08, 0x20, 0x02,
  0x08, 0x00, 0x10, 0x01, 0x00, 0x00, 0x41, 0x00, 0x00, 0x00, 0x02, 0x01, 0x04, 0x00, 0x01, 0x24,
  0x02, 0x09, 0x00, 0x80, 0x40, 0x00, 0x00, 0x00, 0x10, 0x01, 0x04, 0x12, 0x09, 0x24, 0x90, 0x08,
  0x04, 0x80, 0x00, 0x00, 0x00, 0x20, 0x12, 0x01, 0x24, 0x82, 0x49, 0x04, 0x80, 0x41, 0x20, 0x00,
  0x00, 0x92, 0x01, 0x04, 0x02, 0x49, 0x04, 0x92, 0x41, 0x00, 0x82, 0x48, 0x00, 0x01, 0x24, 0x12,
  0x41, 0x20, 0x92, 0x09, 0x24, 0x00, 0x49, 0x24, 0x92, 0x00, 0x00, 0x49, 0x00, 0x82, 0x40, 0x04,
  0x02, 0x08, 0x24, 0x10, 0x09, 0x24, 0x00, 0x00, 0x92, 0x49, 0x04, 0x90, 0x09, 0x24, 0x00, 0x49,
  0x20, 0x92, 0x48, 0x00, 0x00, 0x24, 0x90, 0x09, 0x24, 0x02, 0x49, 0x00, 0x92, 0x41, 0x24, 0x90,
  0x00, 0x00, 0x49, 0x24, 0x92, 0x48, 0x04, 0x92, 0x00, 0x24, 0x82, 0x49, 0x00, 0x00, 0x00, 0x12,
  0x48, 0x20, 0x90, 0x01, 0x24, 0x80, 0x49, 0x04, 0x92, 0x00, 0x00, 0x00, 0x04, 0x92, 0x00, 0x20,
  0x02, 0x49, 0x00, 0x90, 0x40, 0x04, 0x10, 0x00, 0x00, 0x09, 0x04, 0x00, 0x40, 0x00, 0x92, 0x00,
  0x20, 0x02, 0x01, 0x00, 0x00, 0x00, 0x02, 0x01, 0x00, 0x92, 0x09, 0x24, 0x02, 0x48, 0x04, 0x00,
  0x00, 0x00, 0x00, 0x00, 0x02, 0x01, 0x20, 0x02, 0x48, 0x00, 0x12, 0x08, 0x00, 0x00, 0x00, 0x00,
  0x01, 0x00, 0x82, 0x40, 0x00, 0x90, 0x09, 0x24, 0x10, 0x08, 0x00, 0x00, 0x00, 0x00, 0x01, 0x04,
  0x80, 0x40, 0x00, 0x12, 0x08, 0x20, 0x00, 0x00, 0x00, 0x00, 0x00, 0x80, 0x40, 0x00, 0x10, 0x00,
  0x20, 0x00, 0x00, 0x00, 0x00, 0x00, 0x00, 0x00, 0x00, 0x80, 0x08, 0x04, 0x00, 0x41, 0x00, 0x00,
  0x00, 0x00, 0x00, 0x00, 0x00, 0x40, 0x20, 0x00, 0x08, 0x20, 0x80, 0x00, 0x20, 0x00, 0x00, 0x00,
  0x00, 0x00, 0x00, 0x01, 0x00, 0x12, 0x09, 0x00, 0x00, 0x48, 0x20, 0x00, 0x00, 0x00, 0x00, 0x20,
  0x90, 0x08, 0x00, 0x92, 0x01, 0x00, 0x90, 0x48, 0x00, 0x00, 0x00, 0x00, 0x01, 0x04, 0x02, 0x40,
  0x24, 0x02, 0x41, 0x00, 0x90, 0x00, 0x00, 0x00, 0x00, 0x00, 0x08, 0x20, 0x90, 0x48, 0x04, 0x02,
  0x00, 0x00, 0x00, 0x00, 0x00, 0x00, 0x00, 0x02, 0x00, 0x20, 0x90, 0x40, 0x04, 0x00, 0x00, 0x00,
  0x00, 0x00, 0x00, 0x00, 0x20, 0x00, 0x41, 0x20, 0x00, 0x08, 0x00, 0x00, 0x00, 0x00, 0x00, 0x00,
  0x00, 0x01, 0x00, 0x00, 0x41, 0x00, 0x10, 0x40, 0x00, 0x00, 0x00, 0x00, 0x00, 0x20, 0x00, 0x40,
  0x04, 0x02, 0x40, 0x20, 0x00, 0x01, 0x00, 0x00, 0x00, 0x00, 0x40, 0x00, 0x80, 0x08, 0x00, 0x90,
  0x40, 0x00, 0x80, 0x00, 0x00, 0x00, 0x04, 0x12, 0x00, 0x20, 0x90, 0x00, 0x24, 0x82, 0x01, 0x00,
  0x00, 0x00, 0x00, 0x01, 0x24, 0x02, 0x09, 0x20, 0x00, 0x08, 0x04, 0x02, 0x40, 0x00, 0x00, 0x00,
  0x00, 0x49, 0x00, 0x82, 0x40, 0x20, 0x12, 0x08, 0x04, 0x90, 0x00, 0x00, 0x00, 0x00, 0x92, 0x48,
  0x00, 0x80, 0x48, 0x04, 0x90, 0x09, 0x20, 0x00, 0x00, 0x00, 0x00, 0x24, 0x80, 0x09, 0x04, 0x92,
  0x01, 0x00, 0x12, 0x48, 0x00, 0x00, 0x00, 0x00, 0x09, 0x24, 0x12, 0x00, 0x24, 0x00, 0x40, 0x24,
  0x80, 0x00, 0x00, 0x00, 0x00, 0x02, 0x40, 0x20, 0x00, 0x48, 0x20, 0x00, 0x08, 0x00, 0x00, 0x00,
  0x00, 0x00, 0x04, 0x80, 0x40, 0x20, 0x90, 0x40, 0x00, 0x12, 0x00, 0x00, 0x00, 0x00, 0x00, 0x09,
  0x20, 0x00, 0x08, 0x20, 0x80, 0x00, 0x24, 0x00, 0x00, 0x00, 0x00, 0x00, 0x10, 0x48, 0x00, 0x82,
  0x49, 0x20, 0x02, 0x40, 0x00, 0x00, 0x00, 0x00, 0x00, 0x00, 0x10, 0x00, 0x20, 0x92, 0x41, 0x04,
  0x80, 0x00, 0x00, 0x00, 0x00, 0x00, 0x00, 0x24, 0x00, 0x09, 0x24, 0x92, 0x09, 0x00, 0x00, 0x00,
  0x00, 0x00, 0x00, 0x00, 0x09, 0x00, 0x02, 0x49, 0x04, 0x92, 0x40, 0x00, 0x00, 0x00, 0x00, 0x00,
  0x00, 0x12, 0x49, 0x00, 0x92, 0x01, 0x24, 0x00, 0x00, 0x00, 0x00, 0x00, 0x00, 0x00, 0x24, 0x80,
  0x01, 0x24, 0x02, 0x48, 0x20, 0x00, 0x00, 0x00, 0x00, 0x00, 0x00, 0x00, 0x00, 0x00, 0x48, 0x04,
  0x80, 0x00, 0x00, 0x00, 0x00, 0x00, 0x00, 0x00, 0x00, 0x08, 0x00, 0x10, 0x01, 0x00, 0x00, 0x00,
  0x00, 0x00, 0x00, 0x00, 0x00, 0x00, 0x00, 0x00, 0x20, 0x00, 0x00, 0x00, 0x00, 0x00, 0x00, 0x00,
  0x00, 0x00, 0x00, 0x00, 0x00, 0x00, 0x00, 0x80, 0x00, 0x00, 0x00, 0x00, 0x00, 0x00, 0x00, 0x00,
  0x00, 0x00, 0x00, 0x00, 0x00, 0x00, 0x00, 0x00, 0x00, 0x00, 0x00, 0x00, 0x00, 0x00, 0x00, 0x00,
  0x00, 0x00, 0x00, 0x00, 0x00, 0x00, 0x00, 0x00, 0x00, 0x00, 0x00, 0x00, 0x01, 0x00, 0x00, 0x00,
  0x00, 0x00, 0x00, 0x00, 0x00, 0x00, 0x00, 0x00, 0x00, 0x00, 0x00, 0x00, 0x00, 0x00, 0x00, 0x00,
  0x00, 0x00, 0x00, 0x00, 0x00, 0x00, 0x20, 0x10, 0x00, 0x00, 0x00, 0x00, 0x00, 0x00, 0x00, 0x00,
  0x00, 0x00, 0x00, 0x00, 0x00, 0x00, 0x00, 0x00, 0x00, 0x00, 0x00, 0x00, 0x00, 0x00, 0x00, 0x00,
  0x00, 0x00, 0x00, 0x00, 0x00, 0x00, 0x00, 0x00, 0x00, 0x00, 0x00, 0x00, 0x00, 0x00, 0x02, 0x00,
  0x00, 0x00, 0x00, 0x00, 0x00, 0x00, 0x00, 0x00, 0x00, 0x00, 0x00, 0x00, 0x00, 0x00, 0x00, 0x00,
  0x00, 0x00, 0x00, 0x00, 0x00, 0x00, 0x00, 0x00, 0x00, 0x00, 0x00, 0x00, 0x00, 0x00, 0x00, 0x00,
  0x00, 0x00, 0x00, 0x00, 0x00, 0x00, 0x00, 0x00, 0x00, 0x00, 0x00, 0x00, 0x00, 0x00, 0x00, 0x00,
  0x00, 0x00, 0x00, 0x00, 0x00, 0x00, 0x00, 0x00
};

// R3X Cyber Loading Frame 4, 100x120px
const unsigned char bitmap_icon_skull_loading_4 [] PROGMEM = {
  0x00, 0x00, 0x00, 0x00, 0x00, 0x00, 0x00, 0x00, 0x00, 0x00, 0x00, 0x00, 0x00, 0x00, 0x00, 0x00,
  0x00, 0x00, 0x00, 0x00, 0x80, 0x00, 0x00, 0x00, 0x00, 0x00, 0x00, 0x00, 0x00, 0x00, 0x00, 0x00,
  0x00, 0x00, 0x00, 0x00, 0x00, 0x00, 0x00, 0x00, 0x00, 0x00, 0x00, 0x00, 0x00, 0x00, 0x08, 0x00,
  0x00, 0x00, 0x00, 0x00, 0x00, 0x00, 0x00, 0x00, 0x00, 0x40, 0x00, 0x00, 0x00, 0x00, 0x00, 0x00,
  0x00, 0x00, 0x00, 0x00, 0x00, 0x00, 0x10, 0x00, 0x00, 0x02, 0x00, 0x00, 0x00, 0x00, 0x00, 0x00,
  0x00, 0x00, 0x00, 0x20, 0x00, 0x00, 0x00, 0x00, 0x00, 0x00, 0x00, 0x00, 0x00, 0x00, 0x00, 0x00,
  0x40, 0x00, 0x10, 0x00, 0x00, 0x00, 0x00, 0x00, 0x00, 0x00, 0x00, 0x00, 0x04, 0x10, 0x00, 0x20,
  0x00, 0x00, 0x00, 0x10, 0x00, 0x00, 0x40, 0x00, 0x10, 0x08, 0x24, 0x92, 0x41, 0x20, 0x00, 0x00,
  0x24, 0x00, 0x00, 0x90, 0x00, 0x20, 0x02, 0x49, 0x24, 0x80, 0x08, 0x00, 0x00, 0x40, 0x00, 0x00,
  0x20, 0x00, 0x08, 0x04, 0x92, 0x49, 0x00, 0x90, 0x00, 0x00, 0x90, 0x00, 0x00, 0x08, 0x00, 0x02,
  0x49, 0x24, 0x92, 0x49, 0x20, 0x80, 0x01, 0x20, 0x00, 0x00, 0x12, 0x00, 0x00, 0x92, 0x48, 0x04,
  0x92, 0x41, 0x00, 0x02, 0x40, 0x00, 0x00, 0x04, 0x00, 0x09, 0x24, 0x10, 0x01, 0x24, 0x92, 0x00,
  0x04, 0x80, 0x00, 0x00, 0x01, 0x00, 0x80, 0x49, 0x00, 0x00, 0x09, 0x24, 0x80, 0x09, 0x00, 0x00,
  0x00, 0x02, 0x40, 0x24, 0x92, 0x09, 0x24, 0x82, 0x48, 0x20, 0x12, 0x00, 0x00, 0x00, 0x00, 0x80,
  0x49, 0x20, 0x92, 0x49, 0x20, 0x92, 0x40, 0x24, 0x00, 0x00, 0x00, 0x00, 0x20, 0x12, 0x41, 0x24,
  0x92, 0x48, 0x24, 0x80, 0x48, 0x00, 0x00, 0x00, 0x00, 0x40, 0x24, 0x80, 0x49, 0x24, 0x92, 0x09,
  0x00, 0x90, 0x00, 0x00, 0x00, 0x00, 0x10, 0x48, 0x04, 0x90, 0x00, 0x24, 0x82, 0x41, 0x20, 0x00,
  0x00, 0x00, 0x08, 0x24, 0x82, 0x09, 0x00, 0x90, 0x09, 0x24, 0x92, 0x40, 0x00, 0x00, 0x00, 0x00,
  0x09, 0x00, 0x12, 0x09, 0x24, 0x82, 0x49, 0x04, 0x80, 0x00, 0x00, 0x00, 0x04, 0x02, 0x00, 0x04,
  0x12, 0x49, 0x20, 0x80, 0x09, 0x20, 0x00, 0x00, 0x00, 0x00, 0x00, 0x80, 0x01, 0x24, 0x92, 0x48,
  0x00, 0x02, 0x40, 0x00, 0x00, 0x00, 0x12, 0x01, 0x00, 0x02, 0x48, 0x04, 0x90, 0x08, 0x24, 0x92,
  0x00, 0x00, 0x00, 0x00, 0x80, 0x40, 0x00, 0x90, 0x00, 0x24, 0x00, 0x48, 0x04, 0x00, 0x00, 0x00,
  0x01, 0x00, 0x80, 0x01, 0x00, 0x90, 0x08, 0x00, 0x10, 0x08, 0x00, 0x00, 0x00, 0x00, 0x40, 0x00,
  0x00, 0x09, 0x24, 0x80, 0x00, 0x00, 0x12, 0x00, 0x00, 0x00, 0x04, 0x80, 0x09, 0x00, 0x12, 0x49,
  0x00, 0x10, 0x00, 0x24, 0x80, 0x00, 0x00, 0x41, 0x20, 0x02, 0x00, 0x24, 0x92, 0x40, 0x04, 0x00,
  0x09, 0x20, 0x00, 0x00, 0x90, 0x00, 0x24, 0x80, 0x08, 0x00, 0x80, 0x01, 0x00, 0x82, 0x49, 0x00,
  0x00, 0x04, 0x80, 0x49, 0x00, 0x00, 0x00, 0x00, 0x02, 0x40, 0x24, 0x92, 0x00, 0x00, 0x09, 0x24,
  0x92, 0x00, 0x00, 0x90, 0x08, 0x04, 0x92, 0x49, 0x24, 0x00, 0x00, 0x02, 0x49, 0x20, 0x82, 0x01,
  0x24, 0x00, 0x09, 0x24, 0x92, 0x08, 0x00, 0x00, 0x07, 0xff, 0xfe, 0x60, 0x10, 0xf1, 0x00, 0x47,
  0xff, 0xff, 0x3c, 0x00, 0x00, 0x07, 0xff, 0xf8, 0x70, 0x00, 0x77, 0xc0, 0x61, 0xff, 0xf6, 0x78,
  0x00, 0x00, 0x07, 0x7f, 0xc0, 0x18, 0xc7, 0x6f, 0xf1, 0xc0, 0x3f, 0xee, 0x30, 0x00, 0x00, 0x07,
  0x00, 0x00, 0x09, 0x1f, 0x6f, 0xf8, 0x00, 0x02, 0x0e, 0x30, 0x00, 0x00, 0x07, 0xc0, 0x18, 0x02,
  0x3f, 0xbf, 0xfc, 0x01, 0x80, 0x3e, 0x61, 0x00, 0x00, 0x07, 0xc0, 0x7e, 0x04, 0x3f, 0x9f, 0xfe,
  0x07, 0xe0, 0x3e, 0x40, 0x00, 0x00, 0x07, 0xc0, 0x7f, 0x08, 0x7f, 0x9f, 0xff, 0x0f, 0xe0, 0x3e,
  0x04, 0x00, 0x18, 0x07, 0xc0, 0x1f, 0x88, 0x5f, 0xdf, 0xff, 0x9f, 0x80, 0x3e, 0x0c, 0x00, 0x0c,
  0x87, 0xc0, 0x07, 0x90, 0x1f, 0xff, 0xff, 0x9e, 0x00, 0x3e, 0x30, 0x00, 0x0c, 0x07, 0xc0, 0x47,
  0x80, 0x1f, 0xff, 0xfe, 0x1e, 0x00, 0x3e, 0x40, 0x00, 0x00, 0x07, 0xc1, 0x07, 0x80, 0x1f, 0xff,
  0xfe, 0x9e, 0x0c, 0x3e, 0x00, 0x00, 0x01, 0x07, 0xc1, 0x8f, 0x80, 0x1f, 0xdf, 0xfc, 0xdf, 0x1c,
  0x3e, 0x00, 0x00, 0x01, 0x03, 0xc1, 0xff, 0xc4, 0x7f, 0xff, 0xfb, 0xff, 0xf8, 0x3c, 0x00, 0x00,
  0x00, 0x80, 0xe1, 0xff, 0xc4, 0x7f, 0xff, 0xef, 0xdf, 0xf8, 0x70, 0x00, 0x00, 0x00, 0xc0, 0x20,
  0xff, 0xd4, 0xff, 0xbf, 0xff, 0xdf, 0xf0, 0x40, 0x00, 0x00, 0x00, 0xf0, 0x00, 0x7f, 0xc0, 0xbf,
  0xbf, 0x7f, 0xff, 0xf0, 0x08, 0x00, 0x00, 0x00, 0x39, 0x80, 0x3f, 0xc7, 0xff, 0xbd, 0xff, 0x1f,
  0xc0, 0x18, 0x00, 0x00, 0x00, 0x11, 0x80, 0x08, 0x80, 0x7f, 0xb3, 0xff, 0x10, 0x00, 0x18, 0x80,
  0x00, 0x00, 0x11, 0x8a, 0x00, 0x05, 0x8f, 0x27, 0xff, 0x00, 0x01, 0x18, 0x80, 0x00, 0x00, 0x11,
  0xa8, 0x00, 0x00, 0x7f, 0xdf, 0xf9, 0x80, 0x01, 0x58, 0x80, 0x00, 0x00, 0x11, 0xa0, 0x00, 0x00,
  0x1f, 0x3f, 0xc0, 0x80, 0x00, 0x58, 0x80, 0x00, 0x00, 0x10, 0xa0, 0x00, 0x08, 0x04, 0xfb, 0x01,
  0x80, 0x00, 0x50, 0x80, 0x00, 0x00, 0x10, 0xa1, 0x10, 0x08, 0x0c, 0x98, 0x01, 0x80, 0x10, 0x50,
  0xa0, 0x00, 0x00, 0xd0, 0xa0, 0x1c, 0x08, 0x10, 0x70, 0x01, 0x81, 0x80, 0x50, 0xa0, 0x00, 0x00,
  0x00, 0x20, 0x5e, 0x08, 0x60, 0x70, 0x01, 0x83, 0x80, 0x41, 0xe0, 0x00, 0x00, 0x08, 0x20, 0x02,
  0x08, 0x00, 0x10, 0x01, 0x00, 0x00, 0x41, 0x00, 0x00, 0x00, 0x02, 0x01, 0x04, 0x00, 0x01, 0x24,
  0x02, 0x09, 0x00, 0x80, 0x40, 0x00, 0x00, 0x00, 0x10, 0x01, 0x04, 0x12, 0x09, 0x24, 0x90, 0x08,
  0x04, 0x80, 0x00, 0x00, 0x00, 0x20, 0x12, 0x01, 0x24, 0x82, 0x49, 0x04, 0x80, 0x41, 0x20, 0x00,
  0x00, 0x92, 0x01, 0x04, 0x02, 0x49, 0x04, 0x92, 0x41, 0x00, 0x82, 0x48, 0x00, 0x01, 0x24, 0x12,
  0x41, 0x20, 0x92, 0x09, 0x24, 0x00, 0x49, 0x24, 0x92, 0x00, 0x00, 0x49, 0x00, 0x82, 0x40, 0x04,
  0x02, 0x08, 0x24, 0x10, 0x09, 0x24, 0x00, 0x00, 0x92, 0x49, 0x04, 0x90, 0x09, 0x24, 0x00, 0x49,
  0x20, 0x92, 0x48, 0x00, 0x00, 0x24, 0x90, 0x09, 0x24, 0x02, 0x49, 0x00, 0x92, 0x41, 0x24, 0x90,
  0x00, 0x00, 0x49, 0x24, 0x92, 0x48, 0x04, 0x92, 0x00, 0x24, 0x82, 0x49, 0x00, 0x00, 0x00, 0x12,
  0x48, 0x20, 0x90, 0x01, 0x24, 0x80, 0x49, 0x04, 0x92, 0x00, 0x00, 0x00, 0x04, 0x92, 0x00, 0x20,
  0x02, 0x49, 0x00, 0x90, 0x40, 0x04, 0x10, 0x00, 0x00, 0x09, 0x04, 0x00, 0x40, 0x00, 0x92, 0x00,
  0x20, 0x02, 0x01, 0x00, 0x00, 0x00, 0x02, 0x01, 0x00, 0x92, 0x09, 0x24, 0x02, 0x48, 0x04, 0x00,
  0x00, 0x00, 0x00, 0x00, 0x02, 0x01, 0x20, 0x02, 0x48, 0x00, 0x12, 0x08, 0x00, 0x00, 0x00, 0x00,
  0x01, 0x00, 0x82, 0x40, 0x00, 0x90, 0x09, 0x24, 0x10, 0x08, 0x00, 0x00, 0x00, 0x00, 0x01, 0x04,
  0x80, 0x40, 0x00, 0x12, 0x08, 0x20, 0x00, 0x00, 0x00, 0x00, 0x00, 0x80, 0x40, 0x00, 0x10, 0x00,
  0x20, 0x00, 0x00, 0x00, 0x00, 0x00, 0x00, 0x00, 0x00, 0x80, 0x08, 0x04, 0x00, 0x41, 0x00, 0x00,
  0x00, 0x00, 0x00, 0x00, 0x00, 0x40, 0x20, 0x00, 0x08, 0x20, 0x80, 0x00, 0x20, 0x00, 0x00, 0x00,
  0x00, 0x00, 0x00, 0x01, 0x00, 0x12, 0x09, 0x00, 0x00, 0x48, 0x20, 0x00, 0x00, 0x00, 0x00, 0x20,
  0x90, 0x08, 0x00, 0x92, 0x01, 0x00, 0x90, 0x48, 0x00, 0x00, 0x00, 0x00, 0x01, 0x04, 0x02, 0x40,
  0x24, 0x02, 0x41, 0x00, 0x90, 0x00, 0x00, 0x00, 0x00, 0x00, 0x08, 0x20, 0x90, 0x48, 0x04, 0x02,
  0x00, 0x00, 0x00, 0x00, 0x00, 0x00, 0x00, 0x02, 0x00, 0x20, 0x90, 0x40, 0x04, 0x00, 0x00, 0x00,
  0x00, 0x00, 0x00, 0x00, 0x20, 0x00, 0x41, 0x20, 0x00, 0x08, 0x00, 0x00, 0x00, 0x00, 0x00, 0x00,
  0x00, 0x01, 0x00, 0x00, 0x41, 0x00, 0x10, 0x40, 0x00, 0x00, 0x00, 0x00, 0x00, 0x20, 0x00, 0x40,
  0x04, 0x02, 0x40, 0x20, 0x00, 0x01, 0x00, 0x00, 0x00, 0x00, 0x40, 0x00, 0x80, 0x08, 0x00, 0x90,
  0x40, 0x00, 0x80, 0x00, 0x00, 0x00, 0x04, 0x12, 0x00, 0x20, 0x90, 0x00, 0x24, 0x82, 0x01, 0x00,
  0x00, 0x00, 0x00, 0x01, 0x24, 0x02, 0x09, 0x20, 0x00, 0x08, 0x04, 0x02, 0x40, 0x00, 0x00, 0x00,
  0x00, 0x49, 0x00, 0x82, 0x40, 0x20, 0x12, 0x08, 0x04, 0x90, 0x00, 0x00, 0x00, 0x00, 0x92, 0x48,
  0x00, 0x80, 0x48, 0x04, 0x90, 0x09, 0x20, 0x00, 0x00, 0x00, 0x00, 0x24, 0x80, 0x09, 0x04, 0x92,
  0x01, 0x00, 0x12, 0x48, 0x00, 0x00, 0x00, 0x00, 0x09, 0x24, 0x12, 0x00, 0x24, 0x00, 0x40, 0x24,
  0x80, 0x00, 0x00, 0x00, 0x00, 0x02, 0x40, 0x20, 0x00, 0x48, 0x20, 0x00, 0x08, 0x00, 0x00, 0x00,
  0x00, 0x00, 0x04, 0x80, 0x40, 0x20, 0x90, 0x40, 0x00, 0x12, 0x00, 0x00, 0x00, 0x00, 0x00, 0x09,
  0x20, 0x00, 0x08, 0x20, 0x80, 0x00, 0x24, 0x00, 0x00, 0x00, 0x00, 0x00, 0x10, 0x48, 0x00, 0x82,
  0x49, 0x20, 0x02, 0x40, 0x00, 0x00, 0x00, 0x00, 0x00, 0x00, 0x10, 0x00, 0x20, 0x92, 0x41, 0x04,
  0x80, 0x00, 0x00, 0x00, 0x00, 0x00, 0x00, 0x24, 0x00, 0x09, 0x24, 0x92, 0x09, 0x00, 0x00, 0x00,
  0x00, 0x00, 0x00, 0x00, 0x09, 0x00, 0x02, 0x49, 0x04, 0x92, 0x40, 0x00, 0x00, 0x00, 0x00, 0x00,
  0x00, 0x12, 0x49, 0x00, 0x92, 0x01, 0x24, 0x00, 0x00, 0x00, 0x00, 0x00, 0x00, 0x00, 0x24, 0x80,
  0x01, 0x24, 0x02, 0x48, 0x20, 0x00, 0x00, 0x00, 0x00, 0x00, 0x00, 0x00, 0x00, 0x00, 0x48, 0x04,
  0x80, 0x00, 0x00, 0x00, 0x00, 0x00, 0x00, 0x00, 0x00, 0x08, 0x00, 0x10, 0x01, 0x00, 0x00, 0x00,
  0x00, 0x00, 0x00, 0x00, 0x00, 0x00, 0x00, 0x00, 0x20, 0x00, 0x00, 0x00, 0x00, 0x00, 0x00, 0x00,
  0x00, 0x00, 0x00, 0x00, 0x00, 0x00, 0x00, 0x80, 0x00, 0x00, 0x00, 0x00, 0x00, 0x00, 0x00, 0x00,
  0x00, 0x00, 0x00, 0x00, 0x00, 0x00, 0x00, 0x00, 0x00, 0x00, 0x00, 0x00, 0x00, 0x00, 0x00, 0x00,
  0x00, 0x00, 0x00, 0x00, 0x00, 0x00, 0x00, 0x00, 0x00, 0x00, 0x00, 0x00, 0x01, 0x00, 0x00, 0x00,
  0x00, 0x00, 0x00, 0x00, 0x00, 0x00, 0x00, 0x00, 0x00, 0x00, 0x00, 0x00, 0x00, 0x00, 0x00, 0x00,
  0x00, 0x00, 0x00, 0x00, 0x00, 0x00, 0x20, 0x10, 0x00, 0x00, 0x00, 0x00, 0x00, 0x00, 0x00, 0x00,
  0x00, 0x00, 0x00, 0x00, 0x00, 0x00, 0x00, 0x00, 0x00, 0x00, 0x00, 0x00, 0x00, 0x00, 0x00, 0x00,
  0x00, 0x00, 0x00, 0x00, 0x00, 0x00, 0x00, 0x00, 0x00, 0x00, 0x00, 0x00, 0x00, 0x00, 0x02, 0x00,
  0x00, 0x00, 0x00, 0x00, 0x00, 0x00, 0x00, 0x00, 0x00, 0x00, 0x00, 0x00, 0x00, 0x00, 0x00, 0x00,
  0x00, 0x00, 0x00, 0x00, 0x00, 0x00, 0x00, 0x00, 0x00, 0x00, 0x00, 0x00, 0x00, 0x00, 0x00, 0x00,
  0x00, 0x00, 0x00, 0x00, 0x00, 0x00, 0x00, 0x00, 0x00, 0x00, 0x00, 0x00, 0x00, 0x00, 0x00, 0x00,
  0x00, 0x00, 0x00, 0x00, 0x00, 0x00, 0x00, 0x00
};

// R3X Cyber Loading Frame 5, 100x120px
const unsigned char bitmap_icon_skull_loading_5 [] PROGMEM = {
  0x00, 0x00, 0x00, 0x00, 0x00, 0x00, 0x00, 0x00, 0x00, 0x00, 0x00, 0x00, 0x00, 0x00, 0x00, 0x00,
  0x00, 0x00, 0x00, 0x00, 0x80, 0x00, 0x00, 0x00, 0x00, 0x00, 0x00, 0x00, 0x00, 0x00, 0x00, 0x00,
  0x00, 0x00, 0x00, 0x00, 0x00, 0x00, 0x00, 0x00, 0x00, 0x00, 0x00, 0x00, 0x00, 0x00, 0x08, 0x00,
  0x00, 0x00, 0x00, 0x00, 0x00, 0x00, 0x00, 0x00, 0x00, 0x40, 0x00, 0x00, 0x00, 0x00, 0x00, 0x00,
  0x00, 0x00, 0x00, 0x00, 0x00, 0x00, 0x10, 0x00, 0x00, 0x02, 0x00, 0x00, 0x00, 0x00, 0x00, 0x00,
  0x00, 0x00, 0x00, 0x20, 0x00, 0x00, 0x00, 0x00, 0x00, 0x00, 0x00, 0x00, 0x00, 0x00, 0x00, 0x00,
  0x40, 0x00, 0x10, 0x00, 0x00, 0x00, 0x00, 0x00, 0x00, 0x00, 0x00, 0x00, 0x04, 0x10, 0x00, 0x20,
  0x00, 0x00, 0x00, 0x10, 0x00, 0x00, 0x40, 0x00, 0x10, 0x08, 0x24, 0x92, 0x41, 0x20, 0x00, 0x00,
  0x24, 0x00, 0x00, 0x90, 0x00, 0x20, 0x02, 0x49, 0x24, 0x80, 0x08, 0x00, 0x00, 0x40, 0x00, 0x00,
  0x20, 0x00, 0x08, 0x04, 0x92, 0x49, 0x00, 0x90, 0x00, 0x00, 0x90, 0x00, 0x00, 0x08, 0x00, 0x02,
  0x49, 0x24, 0x92, 0x49, 0x20, 0x80, 0x01, 0x20, 0x00, 0x00, 0x12, 0x00, 0x00, 0x92, 0x48, 0x04,
  0x92, 0x41, 0x00, 0x02, 0x40, 0x00, 0x00, 0x04, 0x00, 0x09, 0x24, 0x10, 0x01, 0x24, 0x92, 0x00,
  0x04, 0x80, 0x00, 0x00, 0x01, 0x00, 0x80, 0x49, 0x00, 0x00, 0x09, 0x24, 0x80, 0x09, 0x00, 0x00,
  0x00, 0x02, 0x40, 0x24, 0x92, 0x09, 0x24, 0x82, 0x48, 0x20, 0x12, 0x00, 0x00, 0x00, 0x00, 0x80,
  0x49, 0x20, 0x92, 0x49, 0x20, 0x92, 0x40, 0x24, 0x00, 0x00, 0x00, 0x00, 0x20, 0x12, 0x41, 0x24,
  0x92, 0x48, 0x24, 0x80, 0x48, 0x00, 0x00, 0x00, 0x00, 0x40, 0x24, 0x80, 0x49, 0x24, 0x92, 0x09,
  0x00, 0x90, 0x00, 0x00, 0x00, 0x00, 0x10, 0x48, 0x04, 0x90, 0x00, 0x24, 0x82, 0x41, 0x20, 0x00,
  0x00, 0x00, 0x08, 0x24, 0x82, 0x09, 0x00, 0x90, 0x09, 0x24, 0x92, 0x40, 0x00, 0x00, 0x00, 0x00,
  0x09, 0x00, 0x12, 0x09, 0x24, 0x82, 0x49, 0x04, 0x80, 0x00, 0x00, 0x00, 0x04, 0x02, 0x00, 0x04,
  0x12, 0x49, 0x20, 0x80, 0x09, 0x20, 0x00, 0x00, 0x00, 0x00, 0x00, 0x80, 0x01, 0x24, 0x92, 0x48,
  0x00, 0x02, 0x40, 0x00, 0x00, 0x00, 0x12, 0x01, 0x00, 0x02, 0x48, 0x04, 0x90, 0x08, 0x24, 0x92,
  0x00, 0x00, 0x00, 0x00, 0x80, 0x40, 0x00, 0x90, 0x00, 0x24, 0x00, 0x48, 0x04, 0x00, 0x00, 0x00,
  0x01, 0x00, 0x80, 0x01, 0x00, 0x90, 0x08, 0x00, 0x10, 0x08, 0x00, 0x00, 0x00, 0x00, 0x40, 0x00,
  0x00, 0x09, 0x24, 0x80, 0x00, 0x00, 0x12, 0x00, 0x00, 0x00, 0x04, 0x80, 0x09, 0x00, 0x12, 0x49,
  0x00, 0x10, 0x00, 0x24, 0x80, 0x00, 0x00, 0x41, 0x20, 0x02, 0x00, 0x24, 0x92, 0x40, 0x04, 0x00,
  0x09, 0x20, 0x00, 0x00, 0x90, 0x00, 0x24, 0x80, 0x08, 0x00, 0x80, 0x01, 0x00, 0x82, 0x49, 0x00,
  0x00, 0x04, 0x80, 0x49, 0x00, 0x00, 0x00, 0x00, 0x02, 0x40, 0x24, 0x92, 0x00, 0x00, 0x09, 0x24,
  0x92, 0x00, 0x00, 0x90, 0x08, 0x04, 0x92, 0x49, 0x24, 0x00, 0x00, 0x02, 0x49, 0x20, 0x82, 0x01,
  0x24, 0x00, 0x09, 0x24, 0x92, 0x08, 0x00, 0x00, 0x04, 0x92, 0x48, 0x20, 0x10, 0x41, 0x00, 0x02,
  0x49, 0x24, 0x10, 0x00, 0x00, 0x01, 0x24, 0x90, 0x40, 0x00, 0x12, 0x40, 0x20, 0x92, 0x40, 0x20,
  0x00, 0x00, 0x02, 0x49, 0x00, 0x10, 0x41, 0x24, 0x90, 0x40, 0x24, 0x82, 0x00, 0x00, 0x00, 0x04,
  0x00, 0x00, 0x00, 0x12, 0x49, 0x20, 0x00, 0x00, 0x04, 0x10, 0x00, 0x00, 0x01, 0x00, 0x10, 0x00,
  0x24, 0x92, 0x48, 0x00, 0x80, 0x08, 0x20, 0x00, 0x00, 0x02, 0x40, 0x24, 0x00, 0x09, 0x04, 0x92,
  0x01, 0x20, 0x12, 0x40, 0x00, 0x00, 0x04, 0x80, 0x49, 0x00, 0x12, 0x09, 0x24, 0x02, 0x40, 0x24,
  0x00, 0x00, 0x10, 0x01, 0x00, 0x12, 0x08, 0x04, 0x92, 0x49, 0x04, 0x80, 0x08, 0x04, 0x00, 0x04,
  0x82, 0x40, 0x04, 0x90, 0x09, 0x24, 0x92, 0x08, 0x00, 0x12, 0x00, 0x00, 0x08, 0x04, 0x80, 0x41,
  0x00, 0x12, 0x49, 0x24, 0x12, 0x00, 0x24, 0x00, 0x00, 0x00, 0x01, 0x00, 0x02, 0x00, 0x04, 0x92,
  0x48, 0x04, 0x00, 0x08, 0x00, 0x00, 0x00, 0x02, 0x41, 0x04, 0x80, 0x09, 0x04, 0x90, 0x49, 0x04,
  0x12, 0x00, 0x00, 0x01, 0x00, 0x80, 0x49, 0x04, 0x12, 0x49, 0x20, 0x92, 0x48, 0x24, 0x00, 0x00,
  0x00, 0x80, 0xe1, 0xff, 0xc4, 0x7f, 0xff, 0xef, 0xdf, 0xf8, 0x70, 0x00, 0x00, 0x00, 0xc0, 0x20,
  0xff, 0xd4, 0xff, 0xbf, 0xff, 0xdf, 0xf0, 0x40, 0x00, 0x00, 0x00, 0xf0, 0x00, 0x7f, 0xc0, 0xbf,
  0xbf, 0x7f, 0xff, 0xf0, 0x08, 0x00, 0x00, 0x00, 0x39, 0x80, 0x3f, 0xc7, 0xff, 0xbd, 0xff, 0x1f,
  0xc0, 0x18, 0x00, 0x00, 0x00, 0x11, 0x80, 0x08, 0x80, 0x7f, 0xb3, 0xff, 0x10, 0x00, 0x18, 0x80,
  0x00, 0x00, 0x11, 0x8a, 0x00, 0x05, 0x8f, 0x27, 0xff, 0x00, 0x01, 0x18, 0x80, 0x00, 0x00, 0x11,
  0xa8, 0x00, 0x00, 0x7f, 0xdf, 0xf9, 0x80, 0x01, 0x58, 0x80, 0x00, 0x00, 0x11, 0xa0, 0x00, 0x00,
  0x1f, 0x3f, 0xc0, 0x80, 0x00, 0x58, 0x80, 0x00, 0x00, 0x10, 0xa0, 0x00, 0x08, 0x04, 0xfb, 0x01,
  0x80, 0x00, 0x50, 0x80, 0x00, 0x00, 0x10, 0xa1, 0x10, 0x08, 0x0c, 0x98, 0x01, 0x80, 0x10, 0x50,
  0xa0, 0x00, 0x00, 0xd0, 0xa0, 0x1c, 0x08, 0x10, 0x70, 0x01, 0x81, 0x80, 0x50, 0xa0, 0x00, 0x00,
  0x00, 0x20, 0x5e, 0x08, 0x60, 0x70, 0x01, 0x83, 0x80, 0x41, 0xe0, 0x00, 0x00, 0x0a, 0x20, 0x2f,
  0x08, 0x00, 0x78, 0x03, 0x83, 0x00, 0x45, 0xc0, 0x00, 0x00, 0x0a, 0x33, 0x1f, 0x04, 0x03, 0xff,
  0x03, 0x8d, 0x08, 0xc5, 0xc0, 0x00, 0x00, 0x0a, 0x31, 0x13, 0x86, 0x1f, 0x9f, 0xff, 0x9d, 0x88,
  0xc5, 0xc0, 0x00, 0x00, 0x22, 0x30, 0x1f, 0x83, 0xff, 0x8f, 0xff, 0x8f, 0x80, 0xc7, 0xf0, 0x00,
  0x00, 0xba, 0x11, 0x8c, 0x23, 0xff, 0x0f, 0xff, 0x41, 0x10, 0x87, 0xfe, 0x80, 0x01, 0xff, 0x53,
  0xe3, 0xf0, 0xff, 0x0f, 0xfe, 0x6c, 0x7d, 0xbf, 0xff, 0x00, 0x00, 0xff, 0xd9, 0xef, 0xf0, 0x0f,
  0x07, 0x9e, 0xff, 0x79, 0xbf, 0xfc, 0x00, 0x00, 0xff, 0xf9, 0xdf, 0xfc, 0x0f, 0x6f, 0x01, 0xff,
  0xb9, 0xff, 0xfc, 0x00, 0x00, 0xff, 0xfd, 0x9f, 0xfc, 0x0f, 0xff, 0x81, 0xff, 0xd3, 0xff, 0xd8,
  0x00, 0x00, 0xff, 0xfc, 0xbf, 0xf8, 0x0f, 0xff, 0x80, 0xff, 0xc3, 0xff, 0xd8, 0x00, 0x00, 0x3f,
  0xfe, 0x39, 0xf8, 0x07, 0xff, 0x80, 0xf9, 0xc7, 0xff, 0x90, 0x00, 0x00, 0x1f, 0xb6, 0x30, 0xf8,
  0x07, 0xff, 0x80, 0xf0, 0x46, 0xdf, 0x10, 0x00, 0x00, 0x0b, 0x97, 0x00, 0xf0, 0x83, 0xff, 0x90,
  0xf0, 0x0e, 0x91, 0x00, 0x00, 0x00, 0x02, 0x01, 0x00, 0x92, 0x09, 0x24, 0x02, 0x48, 0x04, 0x00,
  0x00, 0x00, 0x00, 0x00, 0x02, 0x01, 0x20, 0x02, 0x48, 0x00, 0x12, 0x08, 0x00, 0x00, 0x00, 0x00,
  0x01, 0x00, 0x82, 0x40, 0x00, 0x90, 0x09, 0x24, 0x10, 0x08, 0x00, 0x00, 0x00, 0x00, 0x01, 0x04,
  0x80, 0x40, 0x00, 0x12, 0x08, 0x20, 0x00, 0x00, 0x00, 0x00, 0x00, 0x80, 0x40, 0x00, 0x10, 0x00,
  0x20, 0x00, 0x00, 0x00, 0x00, 0x00, 0x00, 0x00, 0x00, 0x80, 0x08, 0x04, 0x00, 0x41, 0x00, 0x00,
  0x00, 0x00, 0x00, 0x00, 0x00, 0x40, 0x20, 0x00, 0x08, 0x20, 0x80, 0x00, 0x20, 0x00, 0x00, 0x00,
  0x00, 0x00, 0x00, 0x01, 0x00, 0x12, 0x09, 0x00, 0x00, 0x48, 0x20, 0x00, 0x00, 0x00, 0x00, 0x20,
  0x90, 0x08, 0x00, 0x92, 0x01, 0x00, 0x90, 0x48, 0x00, 0x00, 0x00, 0x00, 0x01, 0x04, 0x02, 0x40,
  0x24, 0x02, 0x41, 0x00, 0x90, 0x00, 0x00, 0x00, 0x00, 0x00, 0x08, 0x20, 0x90, 0x48, 0x04, 0x02,
  0x00, 0x00, 0x00, 0x00, 0x00, 0x00, 0x00, 0x02, 0x00, 0x20, 0x90, 0x40, 0x04, 0x00, 0x00, 0x00,
  0x00, 0x00, 0x00, 0x00, 0x20, 0x00, 0x41, 0x20, 0x00, 0x08, 0x00, 0x00, 0x00, 0x00, 0x00, 0x00,
  0x00, 0x01, 0x00, 0x00, 0x41, 0x00, 0x10, 0x40, 0x00, 0x00, 0x00, 0x00, 0x00, 0x20, 0x00, 0x40,
  0x04, 0x02, 0x40, 0x20, 0x00, 0x01, 0x00, 0x00, 0x00, 0x00, 0x40, 0x00, 0x80, 0x08, 0x00, 0x90,
  0x40, 0x00, 0x80, 0x00, 0x00, 0x00, 0x04, 0x12, 0x00, 0x20, 0x90, 0x00, 0x24, 0x82, 0x01, 0x00,
  0x00, 0x00, 0x00, 0x01, 0x24, 0x02, 0x09, 0x20, 0x00, 0x08, 0x04, 0x02, 0x40, 0x00, 0x00, 0x00,
  0x00, 0x49, 0x00, 0x82, 0x40, 0x20, 0x12, 0x08, 0x04, 0x90, 0x00, 0x00, 0x00, 0x00, 0x92, 0x48,
  0x00, 0x80, 0x48, 0x04, 0x90, 0x09, 0x20, 0x00, 0x00, 0x00, 0x00, 0x24, 0x80, 0x09, 0x04, 0x92,
  0x01, 0x00, 0x12, 0x48, 0x00, 0x00, 0x00, 0x00, 0x09, 0x24, 0x12, 0x00, 0x24, 0x00, 0x40, 0x24,
  0x80, 0x00, 0x00, 0x00, 0x00, 0x02, 0x40, 0x20, 0x00, 0x48, 0x20, 0x00, 0x08, 0x00, 0x00, 0x00,
  0x00, 0x00, 0x04, 0x80, 0x40, 0x20, 0x90, 0x40, 0x00, 0x12, 0x00, 0x00, 0x00, 0x00, 0x00, 0x09,
  0x20, 0x00, 0x08, 0x20, 0x80, 0x00, 0x24, 0x00, 0x00, 0x00, 0x00, 0x00, 0x10, 0x48, 0x00, 0x82,
  0x49, 0x20, 0x02, 0x40, 0x00, 0x00, 0x00, 0x00, 0x00, 0x00, 0x10, 0x00, 0x20, 0x92, 0x41, 0x04,
  0x80, 0x00, 0x00, 0x00, 0x00, 0x00, 0x00, 0x24, 0x00, 0x09, 0x24, 0x92, 0x09, 0x00, 0x00, 0x00,
  0x00, 0x00, 0x00, 0x00, 0x09, 0x00, 0x02, 0x49, 0x04, 0x92, 0x40, 0x00, 0x00, 0x00, 0x00, 0x00,
  0x00, 0x12, 0x49, 0x00, 0x92, 0x01, 0x24, 0x00, 0x00, 0x00, 0x00, 0x00, 0x00, 0x00, 0x24, 0x80,
  0x01, 0x24, 0x02, 0x48, 0x20, 0x00, 0x00, 0x00, 0x00, 0x00, 0x00, 0x00, 0x00, 0x00, 0x48, 0x04,
  0x80, 0x00, 0x00, 0x00, 0x00, 0x00, 0x00, 0x00, 0x00, 0x08, 0x00, 0x10, 0x01, 0x00, 0x00, 0x00,
  0x00, 0x00, 0x00, 0x00, 0x00, 0x00, 0x00, 0x00, 0x20, 0x00, 0x00, 0x00, 0x00, 0x00, 0x00, 0x00,
  0x00, 0x00, 0x00, 0x00, 0x00, 0x00, 0x00, 0x80, 0x00, 0x00, 0x00, 0x00, 0x00, 0x00, 0x00, 0x00,
  0x00, 0x00, 0x00, 0x00, 0x00, 0x00, 0x00, 0x00, 0x00, 0x00, 0x00, 0x00, 0x00, 0x00, 0x00, 0x00,
  0x00, 0x00, 0x00, 0x00, 0x00, 0x00, 0x00, 0x00, 0x00, 0x00, 0x00, 0x00, 0x01, 0x00, 0x00, 0x00,
  0x00, 0x00, 0x00, 0x00, 0x00, 0x00, 0x00, 0x00, 0x00, 0x00, 0x00, 0x00, 0x00, 0x00, 0x00, 0x00,
  0x00, 0x00, 0x00, 0x00, 0x00, 0x00, 0x20, 0x10, 0x00, 0x00, 0x00, 0x00, 0x00, 0x00, 0x00, 0x00,
  0x00, 0x00, 0x00, 0x00, 0x00, 0x00, 0x00, 0x00, 0x00, 0x00, 0x00, 0x00, 0x00, 0x00, 0x00, 0x00,
  0x00, 0x00, 0x00, 0x00, 0x00, 0x00, 0x00, 0x00, 0x00, 0x00, 0x00, 0x00, 0x00, 0x00, 0x02, 0x00,
  0x00, 0x00, 0x00, 0x00, 0x00, 0x00, 0x00, 0x00, 0x00, 0x00, 0x00, 0x00, 0x00, 0x00, 0x00, 0x00,
  0x00, 0x00, 0x00, 0x00, 0x00, 0x00, 0x00, 0x00, 0x00, 0x00, 0x00, 0x00, 0x00, 0x00, 0x00, 0x00,
  0x00, 0x00, 0x00, 0x00, 0x00, 0x00, 0x00, 0x00, 0x00, 0x00, 0x00, 0x00, 0x00, 0x00, 0x00, 0x00,
  0x00, 0x00, 0x00, 0x00, 0x00, 0x00, 0x00, 0x00
};

// R3X Cyber Loading Frame 6, 100x120px
const unsigned char bitmap_icon_skull_loading_6 [] PROGMEM = {
  0x00, 0x00, 0x00, 0x00, 0x00, 0x00, 0x00, 0x00, 0x00, 0x00, 0x00, 0x00, 0x00, 0x00, 0x00, 0x00,
  0x00, 0x00, 0x00, 0x00, 0x80, 0x00, 0x00, 0x00, 0x00, 0x00, 0x00, 0x00, 0x00, 0x00, 0x00, 0x00,
  0x00, 0x00, 0x00, 0x00, 0x00, 0x00, 0x00, 0x00, 0x00, 0x00, 0x00, 0x00, 0x00, 0x00, 0x08, 0x00,
  0x00, 0x00, 0x00, 0x00, 0x00, 0x00, 0x00, 0x00, 0x00, 0x40, 0x00, 0x00, 0x00, 0x00, 0x00, 0x00,
  0x00, 0x00, 0x00, 0x00, 0x00, 0x00, 0x10, 0x00, 0x00, 0x02, 0x00, 0x00, 0x00, 0x00, 0x00, 0x00,
  0x00, 0x00, 0x00, 0x20, 0x00, 0x00, 0x00, 0x00, 0x00, 0x00, 0x00, 0x00, 0x00, 0x00, 0x00, 0x00,
  0x40, 0x00, 0x10, 0x00, 0x00, 0x00, 0x00, 0x00, 0x00, 0x00, 0x00, 0x00, 0x04, 0x10, 0x00, 0x20,
  0x00, 0x00, 0x00, 0x10, 0x00, 0x00, 0x40, 0x00, 0x10, 0x08, 0x24, 0x92, 0x41, 0x20, 0x00, 0x00,
  0x24, 0x00, 0x00, 0x90, 0x00, 0x20, 0x02, 0x49, 0x24, 0x80, 0x08, 0x00, 0x00, 0x40, 0x00, 0x00,
  0x20, 0x00, 0x08, 0x04, 0x92, 0x49, 0x00, 0x90, 0x00, 0x00, 0x90, 0x00, 0x00, 0x08, 0x00, 0x02,
  0x49, 0x24, 0x92, 0x49, 0x20, 0x80, 0x01, 0x20, 0x00, 0x00, 0x12, 0x00, 0x00, 0x92, 0x48, 0x04,
  0x92, 0x41, 0x00, 0x02, 0x40, 0x00, 0x00, 0x04, 0x00, 0x09, 0x24, 0x10, 0x01, 0x24, 0x92, 0x00,
  0x04, 0x80, 0x00, 0x00, 0x01, 0x00, 0x80, 0x49, 0x00, 0x00, 0x09, 0x24, 0x80, 0x09, 0x00, 0x00,
  0x00, 0x02, 0x40, 0x24, 0x92, 0x09, 0x24, 0x82, 0x48, 0x20, 0x12, 0x00, 0x00, 0x00, 0x00, 0x80,
  0x49, 0x20, 0x92, 0x49, 0x20, 0x92, 0x40, 0x24, 0x00, 0x00, 0x00, 0x00, 0x20, 0x12, 0x41, 0x24,
  0x92, 0x48, 0x24, 0x80, 0x48, 0x00, 0x00, 0x00, 0x00, 0x40, 0x24, 0x80, 0x49, 0x24, 0x92, 0x09,
  0x00, 0x90, 0x00, 0x00, 0x00, 0x00, 0x10, 0x48, 0x04, 0x90, 0x00, 0x24, 0x82, 0x41, 0x20, 0x00,
  0x00, 0x00, 0x08, 0x24, 0x82, 0x09, 0x00, 0x90, 0x09, 0x24, 0x92, 0x40, 0x00, 0x00, 0x00, 0x00,
  0x09, 0x00, 0x12, 0x09, 0x24, 0x82, 0x49, 0x04, 0x80, 0x00, 0x00, 0x00, 0x04, 0x02, 0x00, 0x04,
  0x12, 0x49, 0x20, 0x80, 0x09, 0x20, 0x00, 0x00, 0x00, 0x00, 0x00, 0x80, 0x01, 0x24, 0x92, 0x48,
  0x00, 0x02, 0x40, 0x00, 0x00, 0x00, 0x12, 0x01, 0x00, 0x02, 0x48, 0x04, 0x90, 0x08, 0x24, 0x92,
  0x00, 0x00, 0x00, 0x00, 0x80, 0x40, 0x00, 0x90, 0x00, 0x24, 0x00, 0x48, 0x04, 0x00, 0x00, 0x00,
  0x01, 0x00, 0x80, 0x01, 0x00, 0x90, 0x08, 0x00, 0x10, 0x08, 0x00, 0x00, 0x00, 0x00, 0x40, 0x00,
  0x00, 0x09, 0x24, 0x80, 0x00, 0x00, 0x12, 0x00, 0x00, 0x00, 0x04, 0x80, 0x09, 0x00, 0x12, 0x49,
  0x00, 0x10, 0x00, 0x24, 0x80, 0x00, 0x00, 0x41, 0x20, 0x02, 0x00, 0x24, 0x92, 0x40, 0x04, 0x00,
  0x09, 0x20, 0x00, 0x00, 0x90, 0x00, 0x24, 0x80, 0x08, 0x00, 0x80, 0x01, 0x00, 0x82, 0x49, 0x00,
  0x00, 0x04, 0x80, 0x49, 0x00, 0x00, 0x00, 0x00, 0x02, 0x40, 0x24, 0x92, 0x00, 0x00, 0x09, 0x24,
  0x92, 0x00, 0x00, 0x90, 0x08, 0x04, 0x92, 0x49, 0x24, 0x00, 0x00, 0x02, 0x49, 0x20, 0x82, 0x01,
  0x24, 0x00, 0x09, 0x24, 0x92, 0x08, 0x00, 0x00, 0x04, 0x92, 0x48, 0x20, 0x10, 0x41, 0x00, 0x02,
  0x49, 0x24, 0x10, 0x00, 0x00, 0x01, 0x24, 0x90, 0x40, 0x00, 0x12, 0x40, 0x20, 0x92, 0x40, 0x20,
  0x00, 0x00, 0x02, 0x49, 0x00, 0x10, 0x41, 0x24, 0x90, 0x40, 0x24, 0x82, 0x00, 0x00, 0x00, 0x04,
  0x00, 0x00, 0x00, 0x12, 0x49, 0x20, 0x00, 0x00, 0x04, 0x10, 0x00, 0x00, 0x01, 0x00, 0x10, 0x00,
  0x24, 0x92, 0x48, 0x00, 0x80, 0x08, 0x20, 0x00, 0x00, 0x02, 0x40, 0x24, 0x00, 0x09, 0x04, 0x92,
  0x01, 0x20, 0x12, 0x40, 0x00, 0x00, 0x04, 0x80, 0x49, 0x00, 0x12, 0x09, 0x24, 0x02, 0x40, 0x24,
  0x00, 0x00, 0x10, 0x01, 0x00, 0x12, 0x08, 0x04, 0x92, 0x49, 0x04, 0x80, 0x08, 0x04, 0x00, 0x04,
  0x82, 0x40, 0x04, 0x90, 0x09, 0x24, 0x92, 0x08, 0x00, 0x12, 0x00, 0x00, 0x08, 0x04, 0x80, 0x41,
  0x00, 0x12, 0x49, 0x24, 0x12, 0x00, 0x24, 0x00, 0x00, 0x00, 0x01, 0x00, 0x02, 0x00, 0x04, 0x92,
  0x48, 0x04, 0x00, 0x08, 0x00, 0x00, 0x00, 0x02, 0x41, 0x04, 0x80, 0x09, 0x04, 0x90, 0x49, 0x04,
  0x12, 0x00, 0x00, 0x01, 0x00, 0x80, 0x49, 0x04, 0x12, 0x49, 0x20, 0x92, 0x48, 0x24, 0x00, 0x00,
  0x00, 0x00, 0x20, 0x92, 0x40, 0x24, 0x92, 0x49, 0x04, 0x90, 0x40, 0x00, 0x00, 0x00, 0x80, 0x00,
  0x24, 0x90, 0x49, 0x24, 0x92, 0x49, 0x20, 0x00, 0x00, 0x00, 0x00, 0x20, 0x00, 0x49, 0x00, 0x92,
  0x09, 0x24, 0x92, 0x40, 0x00, 0x00, 0x00, 0x00, 0x09, 0x00, 0x12, 0x41, 0x24, 0x90, 0x49, 0x04,
  0x80, 0x08, 0x00, 0x00, 0x00, 0x10, 0x00, 0x00, 0x80, 0x49, 0x20, 0x92, 0x00, 0x00, 0x10, 0x00,
  0x00, 0x00, 0x00, 0x82, 0x00, 0x04, 0x82, 0x01, 0x24, 0x00, 0x01, 0x00, 0x80, 0x00, 0x00, 0x01,
  0x20, 0x00, 0x00, 0x24, 0x92, 0x49, 0x00, 0x00, 0x48, 0x00, 0x00, 0x00, 0x10, 0x00, 0x00, 0x00,
  0x09, 0x24, 0x80, 0x00, 0x00, 0x10, 0x00, 0x00, 0x00, 0x00, 0x80, 0x00, 0x00, 0x00, 0x49, 0x00,
  0x80, 0x00, 0x00, 0x80, 0x00, 0x00, 0x00, 0x20, 0x10, 0x08, 0x04, 0x90, 0x01, 0x00, 0x10, 0x40,
  0x20, 0x00, 0x00, 0x90, 0x00, 0x04, 0x00, 0x00, 0x20, 0x00, 0x01, 0x00, 0x10, 0x00, 0x00, 0x00,
  0x00, 0x00, 0x48, 0x00, 0x00, 0x40, 0x00, 0x82, 0x00, 0x00, 0x80, 0x00, 0x00, 0x0a, 0x20, 0x2f,
  0x08, 0x00, 0x78, 0x03, 0x83, 0x00, 0x45, 0xc0, 0x00, 0x00, 0x0a, 0x33, 0x1f, 0x04, 0x03, 0xff,
  0x03, 0x8d, 0x08, 0xc5, 0xc0, 0x00, 0x00, 0x0a, 0x31, 0x13, 0x86, 0x1f, 0x9f, 0xff, 0x9d, 0x88,
  0xc5, 0xc0, 0x00, 0x00, 0x22, 0x30, 0x1f, 0x83, 0xff, 0x8f, 0xff, 0x8f, 0x80, 0xc7, 0xf0, 0x00,
  0x00, 0xba, 0x11, 0x8c, 0x23, 0xff, 0x0f, 0xff, 0x41, 0x10, 0x87, 0xfe, 0x80, 0x01, 0xff, 0x53,
  0xe3, 0xf0, 0xff, 0x0f, 0xfe, 0x6c, 0x7d, 0xbf, 0xff, 0x00, 0x00, 0xff, 0xd9, 0xef, 0xf0, 0x0f,
  0x07, 0x9e, 0xff, 0x79, 0xbf, 0xfc, 0x00, 0x00, 0xff, 0xf9, 0xdf, 0xfc, 0x0f, 0x6f, 0x01, 0xff,
  0xb9, 0xff, 0xfc, 0x00, 0x00, 0xff, 0xfd, 0x9f, 0xfc, 0x0f, 0xff, 0x81, 0xff, 0xd3, 0xff, 0xd8,
  0x00, 0x00, 0xff, 0xfc, 0xbf, 0xf8, 0x0f, 0xff, 0x80, 0xff, 0xc3, 0xff, 0xd8, 0x00, 0x00, 0x3f,
  0xfe, 0x39, 0xf8, 0x07, 0xff, 0x80, 0xf9, 0xc7, 0xff, 0x90, 0x00, 0x00, 0x1f, 0xb6, 0x30, 0xf8,
  0x07, 0xff, 0x80, 0xf0, 0x46, 0xdf, 0x10, 0x00, 0x00, 0x0b, 0x97, 0x00, 0xf0, 0x83, 0xff, 0x90,
  0xf0, 0x0e, 0x91, 0x00, 0x00, 0x00, 0x0a, 0x83, 0x01, 0xf2, 0x0f, 0xff, 0x02, 0xf8, 0x0c, 0x01,
  0x00, 0x00, 0x00, 0x08, 0x03, 0x87, 0xe1, 0x07, 0xfe, 0x01, 0x7e, 0x1c, 0x09, 0x00, 0x00, 0x00,
  0x01, 0x01, 0x8f, 0xe0, 0xc1, 0xfc, 0x09, 0x3f, 0x18, 0x08, 0x00, 0x00, 0x00, 0x00, 0x01, 0xc7,
  0x80, 0x60, 0x00, 0x1a, 0x1e, 0x38, 0x00, 0x00, 0x00, 0x00, 0x00, 0x84, 0xc0, 0x00, 0x38, 0x00,
  0x70, 0x00, 0x32, 0x10, 0x00, 0x00, 0x00, 0x00, 0x00, 0xe0, 0x18, 0x1c, 0x21, 0xe1, 0x80, 0x64,
  0x20, 0x00, 0x00, 0x00, 0x00, 0x40, 0x60, 0x08, 0x2e, 0x63, 0x81, 0x80, 0xe0, 0x20, 0x00, 0x00,
  0x00, 0x00, 0x01, 0x31, 0x08, 0x13, 0x8f, 0x41, 0x00, 0xc8, 0x78, 0x00, 0x00, 0x00, 0x00, 0x21,
  0x98, 0x0c, 0x09, 0xde, 0x03, 0x01, 0x98, 0x78, 0x00, 0x00, 0x00, 0x00, 0x11, 0x9c, 0x62, 0x60,
  0xfe, 0x46, 0x43, 0x98, 0xb8, 0x00, 0x00, 0x00, 0x00, 0x00, 0x0c, 0x21, 0x90, 0x7c, 0x9c, 0x43,
  0x00, 0x00, 0x00, 0x00, 0x00, 0x00, 0x00, 0x06, 0x00, 0x39, 0xf8, 0xc0, 0x86, 0x00, 0x00, 0x00,
  0x00, 0x00, 0x00, 0x00, 0x20, 0x00, 0x41, 0x20, 0x00, 0x08, 0x00, 0x00, 0x00, 0x00, 0x00, 0x00,
  0x00, 0x01, 0x00, 0x00, 0x41, 0x00, 0x10, 0x40, 0x00, 0x00, 0x00, 0x00, 0x00, 0x20, 0x00, 0x40,
  0x04, 0x02, 0x40, 0x20, 0x00, 0x01, 0x00, 0x00, 0x00, 0x00, 0x40, 0x00, 0x80, 0x08, 0x00, 0x90,
  0x40, 0x00, 0x80, 0x00, 0x00, 0x00, 0x04, 0x12, 0x00, 0x20, 0x90, 0x00, 0x24, 0x82, 0x01, 0x00,
  0x00, 0x00, 0x00, 0x01, 0x24, 0x02, 0x09, 0x20, 0x00, 0x08, 0x04, 0x02, 0x40, 0x00, 0x00, 0x00,
  0x00, 0x49, 0x00, 0x82, 0x40, 0x20, 0x12, 0x08, 0x04, 0x90, 0x00, 0x00, 0x00, 0x00, 0x92, 0x48,
  0x00, 0x80, 0x48, 0x04, 0x90, 0x09, 0x20, 0x00, 0x00, 0x00, 0x00, 0x24, 0x80, 0x09, 0x04, 0x92,
  0x01, 0x00, 0x12, 0x48, 0x00, 0x00, 0x00, 0x00, 0x09, 0x24, 0x12, 0x00, 0x24, 0x00, 0x40, 0x24,
  0x80, 0x00, 0x00, 0x00, 0x00, 0x02, 0x40, 0x20, 0x00, 0x48, 0x20, 0x00, 0x08, 0x00, 0x00, 0x00,
  0x00, 0x00, 0x04, 0x80, 0x40, 0x20, 0x90, 0x40, 0x00, 0x12, 0x00, 0x00, 0x00, 0x00, 0x00, 0x09,
  0x20, 0x00, 0x08, 0x20, 0x80, 0x00, 0x24, 0x00, 0x00, 0x00, 0x00, 0x00, 0x10, 0x48, 0x00, 0x82,
  0x49, 0x20, 0x02, 0x40, 0x00, 0x00, 0x00, 0x00, 0x00, 0x00, 0x10, 0x00, 0x20, 0x92, 0x41, 0x04,
  0x80, 0x00, 0x00, 0x00, 0x00, 0x00, 0x00, 0x24, 0x00, 0x09, 0x24, 0x92, 0x09, 0x00, 0x00, 0x00,
  0x00, 0x00, 0x00, 0x00, 0x09, 0x00, 0x02, 0x49, 0x04, 0x92, 0x40, 0x00, 0x00, 0x00, 0x00, 0x00,
  0x00, 0x12, 0x49, 0x00, 0x92, 0x01, 0x24, 0x00, 0x00, 0x00, 0x00, 0x00, 0x00, 0x00, 0x24, 0x80,
  0x01, 0x24, 0x02, 0x48, 0x20, 0x00, 0x00, 0x00, 0x00, 0x00, 0x00, 0x00, 0x00, 0x00, 0x48, 0x04,
  0x80, 0x00, 0x00, 0x00, 0x00, 0x00, 0x00, 0x00, 0x00, 0x08, 0x00, 0x10, 0x01, 0x00, 0x00, 0x00,
  0x00, 0x00, 0x00, 0x00, 0x00, 0x00, 0x00, 0x00, 0x20, 0x00, 0x00, 0x00, 0x00, 0x00, 0x00, 0x00,
  0x00, 0x00, 0x00, 0x00, 0x00, 0x00, 0x00, 0x80, 0x00, 0x00, 0x00, 0x00, 0x00, 0x00, 0x00, 0x00,
  0x00, 0x00, 0x00, 0x00, 0x00, 0x00, 0x00, 0x00, 0x00, 0x00, 0x00, 0x00, 0x00, 0x00, 0x00, 0x00,
  0x00, 0x00, 0x00, 0x00, 0x00, 0x00, 0x00, 0x00, 0x00, 0x00, 0x00, 0x00, 0x01, 0x00, 0x00, 0x00,
  0x00, 0x00, 0x00, 0x00, 0x00, 0x00, 0x00, 0x00, 0x00, 0x00, 0x00, 0x00, 0x00, 0x00, 0x00, 0x00,
  0x00, 0x00, 0x00, 0x00, 0x00, 0x00, 0x20, 0x10, 0x00, 0x00, 0x00, 0x00, 0x00, 0x00, 0x00, 0x00,
  0x00, 0x00, 0x00, 0x00, 0x00, 0x00, 0x00, 0x00, 0x00, 0x00, 0x00, 0x00, 0x00, 0x00, 0x00, 0x00,
  0x00, 0x00, 0x00, 0x00, 0x00, 0x00, 0x00, 0x00, 0x00, 0x00, 0x00, 0x00, 0x00, 0x00, 0x02, 0x00,
  0x00, 0x00, 0x00, 0x00, 0x00, 0x00, 0x00, 0x00, 0x00, 0x00, 0x00, 0x00, 0x00, 0x00, 0x00, 0x00,
  0x00, 0x00, 0x00, 0x00, 0x00, 0x00, 0x00, 0x00, 0x00, 0x00, 0x00, 0x00, 0x00, 0x00, 0x00, 0x00,
  0x00, 0x00, 0x00, 0x00, 0x00, 0x00, 0x00, 0x00, 0x00, 0x00, 0x00, 0x00, 0x00, 0x00, 0x00, 0x00,
  0x00, 0x00, 0x00, 0x00, 0x00, 0x00, 0x00, 0x00
};

// R3X Cyber Loading Frame 7, 100x120px
const unsigned char bitmap_icon_skull_loading_7 [] PROGMEM = {
  0x00, 0x00, 0x00, 0x00, 0x00, 0x00, 0x00, 0x00, 0x00, 0x00, 0x00, 0x00, 0x00, 0x00, 0x00, 0x00,
  0x00, 0x00, 0x00, 0x00, 0x80, 0x00, 0x00, 0x00, 0x00, 0x00, 0x00, 0x00, 0x00, 0x00, 0x00, 0x00,
  0x00, 0x00, 0x00, 0x00, 0x00, 0x00, 0x00, 0x00, 0x00, 0x00, 0x00, 0x00, 0x00, 0x00, 0x08, 0x00,
  0x00, 0x00, 0x00, 0x00, 0x00, 0x00, 0x00, 0x00, 0x00, 0x40, 0x00, 0x00, 0x00, 0x00, 0x00, 0x00,
  0x00, 0x00, 0x00, 0x00, 0x00, 0x00, 0x10, 0x00, 0x00, 0x02, 0x00, 0x00, 0x00, 0x00, 0x00, 0x00,
  0x00, 0x00, 0x00, 0x20, 0x00, 0x00, 0x00, 0x00, 0x00, 0x00, 0x00, 0x00, 0x00, 0x00, 0x00, 0x00,
  0x40, 0x00, 0x10, 0x00, 0x00, 0x00, 0x00, 0x00, 0x00, 0x00, 0x00, 0x00, 0x04, 0x10, 0x00, 0x20,
  0x00, 0x00, 0x00, 0x10, 0x00, 0x00, 0x40, 0x00, 0x10, 0x08, 0x24, 0x92, 0x41, 0x20, 0x00, 0x00,
  0x24, 0x00, 0x00, 0x90, 0x00, 0x20, 0x02, 0x49, 0x24, 0x80, 0x08, 0x00, 0x00, 0x40, 0x00, 0x00,
  0x20, 0x00, 0x08, 0x04, 0x92, 0x49, 0x00, 0x90, 0x00, 0x00, 0x90, 0x00, 0x00, 0x08, 0x00, 0x02,
  0x49, 0x24, 0x92, 0x49, 0x20, 0x80, 0x01, 0x20, 0x00, 0x00, 0x12, 0x00, 0x00, 0x92, 0x48, 0x04,
  0x92, 0x41, 0x00, 0x02, 0x40, 0x00, 0x00, 0x04, 0x00, 0x09, 0x24, 0x10, 0x01, 0x24, 0x92, 0x00,
  0x04, 0x80, 0x00, 0x00, 0x01, 0x00, 0x80, 0x49, 0x00, 0x00, 0x09, 0x24, 0x80, 0x09, 0x00, 0x00,
  0x00, 0x02, 0x40, 0x24, 0x92, 0x09, 0x24, 0x82, 0x48, 0x20, 0x12, 0x00, 0x00, 0x00, 0x00, 0x80,
  0x49, 0x20, 0x92, 0x49, 0x20, 0x92, 0x40, 0x24, 0x00, 0x00, 0x00, 0x00, 0x20, 0x12, 0x41, 0x24,
  0x92, 0x48, 0x24, 0x80, 0x48, 0x00, 0x00, 0x00, 0x00, 0x40, 0x24, 0x80, 0x49, 0x24, 0x92, 0x09,
  0x00, 0x90, 0x00, 0x00, 0x00, 0x00, 0x10, 0x48, 0x04, 0x90, 0x00, 0x24, 0x82, 0x41, 0x20, 0x00,
  0x00, 0x00, 0x08, 0x24, 0x82, 0x09, 0x00, 0x90, 0x09, 0x24, 0x92, 0x40, 0x00, 0x00, 0x00, 0x00,
  0x09, 0x00, 0x12, 0x09, 0x24, 0x82, 0x49, 0x04, 0x80, 0x00, 0x00, 0x00, 0x04, 0x02, 0x00, 0x04,
  0x12, 0x49, 0x20, 0x80, 0x09, 0x20, 0x00, 0x00, 0x00, 0x00, 0x00, 0x80, 0x01, 0x24, 0x92, 0x48,
  0x00, 0x02, 0x40, 0x00, 0x00, 0x00, 0x12, 0x01, 0x00, 0x02, 0x48, 0x04, 0x90, 0x08, 0x24, 0x92,
  0x00, 0x00, 0x00, 0x00, 0x80, 0x40, 0x00, 0x90, 0x00, 0x24, 0x00, 0x48, 0x04, 0x00, 0x00, 0x00,
  0x01, 0x00, 0x80, 0x01, 0x00, 0x90, 0x08, 0x00, 0x10, 0x08, 0x00, 0x00, 0x00, 0x00, 0x40, 0x00,
  0x00, 0x09, 0x24, 0x80, 0x00, 0x00, 0x12, 0x00, 0x00, 0x00, 0x04, 0x80, 0x09, 0x00, 0x12, 0x49,
  0x00, 0x10, 0x00, 0x24, 0x80, 0x00, 0x00, 0x41, 0x20, 0x02, 0x00, 0x24, 0x92, 0x40, 0x04, 0x00,
  0x09, 0x20, 0x00, 0x00, 0x90, 0x00, 0x24, 0x80, 0x08, 0x00, 0x80, 0x01, 0x00, 0x82, 0x49, 0x00,
  0x00, 0x04, 0x80, 0x49, 0x00, 0x00, 0x00, 0x00, 0x02, 0x40, 0x24, 0x92, 0x00, 0x00, 0x09, 0x24,
  0x92, 0x00, 0x00, 0x90, 0x08, 0x04, 0x92, 0x49, 0x24, 0x00, 0x00, 0x02, 0x49, 0x20, 0x82, 0x01,
  0x24, 0x00, 0x09, 0x24, 0x92, 0x08, 0x00, 0x00, 0x04, 0x92, 0x48, 0x20, 0x10, 0x41, 0x00, 0x02,
  0x49, 0x24, 0x10, 0x00, 0x00, 0x01, 0x24, 0x90, 0x40, 0x00, 0x12, 0x40, 0x20, 0x92, 0x40, 0x20,
  0x00, 0x00, 0x02, 0x49, 0x00, 0x10, 0x41, 0x24, 0x90, 0x40, 0x24, 0x82, 0x00, 0x00, 0x00, 0x04,
  0x00, 0x00, 0x00, 0x12, 0x49, 0x20, 0x00, 0x00, 0x04, 0x10, 0x00, 0x00, 0x01, 0x00, 0x10, 0x00,
  0x24, 0x92, 0x48, 0x00, 0x80, 0x08, 0x20, 0x00, 0x00, 0x02, 0x40, 0x24, 0x00, 0x09, 0x04, 0x92,
  0x01, 0x20, 0x12, 0x40, 0x00, 0x00, 0x04, 0x80, 0x49, 0x00, 0x12, 0x09, 0x24, 0x02, 0x40, 0x24,
  0x00, 0x00, 0x10, 0x01, 0x00, 0x12, 0x08, 0x04, 0x92, 0x49, 0x04, 0x80, 0x08, 0x04, 0x00, 0x04,
  0x82, 0x40, 0x04, 0x90, 0x09, 0x24, 0x92, 0x08, 0x00, 0x12, 0x00, 0x00, 0x08, 0x04, 0x80, 0x41,
  0x00, 0x12, 0x49, 0x24, 0x12, 0x00, 0x24, 0x00, 0x00, 0x00, 0x01, 0x00, 0x02, 0x00, 0x04, 0x92,
  0x48, 0x04, 0x00, 0x08, 0x00, 0x00, 0x00, 0x02, 0x41, 0x04, 0x80, 0x09, 0x04, 0x90, 0x49, 0x04,
  0x12, 0x00, 0x00, 0x01, 0x00, 0x80, 0x49, 0x04, 0x12, 0x49, 0x20, 0x92, 0x48, 0x24, 0x00, 0x00,
  0x00, 0x00, 0x20, 0x92, 0x40, 0x24, 0x92, 0x49, 0x04, 0x90, 0x40, 0x00, 0x00, 0x00, 0x80, 0x00,
  0x24, 0x90, 0x49, 0x24, 0x92, 0x49, 0x20, 0x00, 0x00, 0x00, 0x00, 0x20, 0x00, 0x49, 0x00, 0x92,
  0x09, 0x24, 0x92, 0x40, 0x00, 0x00, 0x00, 0x00, 0x09, 0x00, 0x12, 0x41, 0x24, 0x90, 0x49, 0x04,
  0x80, 0x08, 0x00, 0x00, 0x00, 0x10, 0x00, 0x00, 0x80, 0x49, 0x20, 0x92, 0x00, 0x00, 0x10, 0x00,
  0x00, 0x00, 0x00, 0x82, 0x00, 0x04, 0x82, 0x01, 0x24, 0x00, 0x01, 0x00, 0x80, 0x00, 0x00, 0x01,
  0x20, 0x00, 0x00, 0x24, 0x92, 0x49, 0x00, 0x00, 0x48, 0x00, 0x00, 0x00, 0x10, 0x00, 0x00, 0x00,
  0x09, 0x24, 0x80, 0x00, 0x00, 0x10, 0x00, 0x00, 0x00, 0x00, 0x80, 0x00, 0x00, 0x00, 0x49, 0x00,
  0x80, 0x00, 0x00, 0x80, 0x00, 0x00, 0x00, 0x20, 0x10, 0x08, 0x04, 0x90, 0x01, 0x00, 0x10, 0x40,
  0x20, 0x00, 0x00, 0x90, 0x00, 0x04, 0x00, 0x00, 0x20, 0x00, 0x01, 0x00, 0x10, 0x00, 0x00, 0x00,
  0x00, 0x00, 0x48, 0x00, 0x00, 0x40, 0x00, 0x82, 0x00, 0x00, 0x80, 0x00, 0x00, 0x08, 0x20, 0x02,
  0x08, 0x00, 0x10, 0x01, 0x00, 0x00, 0x41, 0x00, 0x00, 0x00, 0x02, 0x01, 0x04, 0x00, 0x01, 0x24,
  0x02, 0x09, 0x00, 0x80, 0x40, 0x00, 0x00, 0x00, 0x10, 0x01, 0x04, 0x12, 0x09, 0x24, 0x90, 0x08,
  0x04, 0x80, 0x00, 0x00, 0x00, 0x20, 0x12, 0x01, 0x24, 0x82, 0x49, 0x04, 0x80, 0x41, 0x20, 0x00,
  0x00, 0x92, 0x01, 0x04, 0x02, 0x49, 0x04, 0x92, 0x41, 0x00, 0x82, 0x48, 0x00, 0x01, 0x24, 0x12,
  0x41, 0x20, 0x92, 0x09, 0x24, 0x00, 0x49, 0x24, 0x92, 0x00, 0x00, 0x49, 0x00, 0x82, 0x40, 0x04,
  0x02, 0x08, 0x24, 0x10, 0x09, 0x24, 0x00, 0x00, 0x92, 0x49, 0x04, 0x90, 0x09, 0x24, 0x00, 0x49,
  0x20, 0x92, 0x48, 0x00, 0x00, 0x24, 0x90, 0x09, 0x24, 0x02, 0x49, 0x00, 0x92, 0x41, 0x24, 0x90,
  0x00, 0x00, 0x49, 0x24, 0x92, 0x48, 0x04, 0x92, 0x00, 0x24, 0x82, 0x49, 0x00, 0x00, 0x00, 0x12,
  0x48, 0x20, 0x90, 0x01, 0x24, 0x80, 0x49, 0x04, 0x92, 0x00, 0x00, 0x00, 0x04, 0x92, 0x00, 0x20,
  0x02, 0x49, 0x00, 0x90, 0x40, 0x04, 0x10, 0x00, 0x00, 0x09, 0x04, 0x00, 0x40, 0x00, 0x92, 0x00,
  0x20, 0x02, 0x01, 0x00, 0x00, 0x00, 0x0a, 0x83, 0x01, 0xf2, 0x0f, 0xff, 0x02, 0xf8, 0x0c, 0x01,
  0x00, 0x00, 0x00, 0x08, 0x03, 0x87, 0xe1, 0x07, 0xfe, 0x01, 0x7e, 0x1c, 0x09, 0x00, 0x00, 0x00,
  0x01, 0x01, 0x8f, 0xe0, 0xc1, 0xfc, 0x09, 0x3f, 0x18, 0x08, 0x00, 0x00, 0x00, 0x00, 0x01, 0xc7,
  0x80, 0x60, 0x00, 0x1a, 0x1e, 0x38, 0x00, 0x00, 0x00, 0x00, 0x00, 0x84, 0xc0, 0x00, 0x38, 0x00,
  0x70, 0x00, 0x32, 0x10, 0x00, 0x00, 0x00, 0x00, 0x00, 0xe0, 0x18, 0x1c, 0x21, 0xe1, 0x80, 0x64,
  0x20, 0x00, 0x00, 0x00, 0x00, 0x40, 0x60, 0x08, 0x2e, 0x63, 0x81, 0x80, 0xe0, 0x20, 0x00, 0x00,
  0x00, 0x00, 0x01, 0x31, 0x08, 0x13, 0x8f, 0x41, 0x00, 0xc8, 0x78, 0x00, 0x00, 0x00, 0x00, 0x21,
  0x98, 0x0c, 0x09, 0xde, 0x03, 0x01, 0x98, 0x78, 0x00, 0x00, 0x00, 0x00, 0x11, 0x9c, 0x62, 0x60,
  0xfe, 0x46, 0x43, 0x98, 0xb8, 0x00, 0x00, 0x00, 0x00, 0x00, 0x0c, 0x21, 0x90, 0x7c, 0x9c, 0x43,
  0x00, 0x00, 0x00, 0x00, 0x00, 0x00, 0x00, 0x06, 0x00, 0x39, 0xf8, 0xc0, 0x86, 0x00, 0x00, 0x00,
  0x00, 0x00, 0x00, 0x00, 0x23, 0x08, 0x73, 0xe2, 0x21, 0x0e, 0x40, 0x00, 0x00, 0x00, 0x00, 0x00,
  0x20, 0x33, 0x80, 0x09, 0xc7, 0x80, 0x1c, 0xc0, 0x40, 0x00, 0x00, 0x00, 0x00, 0x60, 0x21, 0xc0,
  0x17, 0x03, 0xe0, 0x38, 0x40, 0xb1, 0x00, 0x00, 0x00, 0x00, 0x70, 0x00, 0xe0, 0x2c, 0x01, 0xf0,
  0x72, 0x01, 0xe0, 0x00, 0x00, 0x00, 0x0e, 0x3a, 0x06, 0x70, 0xd8, 0x20, 0xfc, 0xe6, 0x07, 0xc0,
  0x00, 0x00, 0x00, 0x03, 0xff, 0x23, 0x39, 0xb0, 0x60, 0x3e, 0xcc, 0x4b, 0xf0, 0x00, 0x00, 0x00,
  0x01, 0xff, 0x91, 0x82, 0x60, 0xf8, 0x1f, 0x18, 0x97, 0xf8, 0x00, 0x00, 0x00, 0x00, 0xfe, 0xd8,
  0xc9, 0xc1, 0xf8, 0x07, 0xb1, 0xbf, 0xf8, 0x00, 0x00, 0x00, 0x00, 0xff, 0xe4, 0x1f, 0x84, 0xfa,
  0x03, 0xc2, 0x7f, 0xdc, 0x00, 0x00, 0x00, 0x00, 0x9f, 0xf6, 0x3e, 0x02, 0xf6, 0x01, 0xe4, 0xff,
  0xc0, 0x00, 0x00, 0x00, 0x00, 0x0f, 0xd0, 0x78, 0x01, 0xf8, 0x60, 0x48, 0xbc, 0x00, 0x00, 0x00,
  0x00, 0x00, 0x0f, 0xe8, 0x74, 0x79, 0xf9, 0xe0, 0x10, 0x7f, 0x00, 0x00, 0x00, 0x00, 0x08, 0x3f,
  0xf0, 0x60, 0x1c, 0x73, 0xcc, 0x26, 0xfe, 0x00, 0x00, 0x00, 0x00, 0x00, 0x10, 0x48, 0x00, 0x82,
  0x49, 0x20, 0x02, 0x40, 0x00, 0x00, 0x00, 0x00, 0x00, 0x00, 0x10, 0x00, 0x20, 0x92, 0x41, 0x04,
  0x80, 0x00, 0x00, 0x00, 0x00, 0x00, 0x00, 0x24, 0x00, 0x09, 0x24, 0x92, 0x09, 0x00, 0x00, 0x00,
  0x00, 0x00, 0x00, 0x00, 0x09, 0x00, 0x02, 0x49, 0x04, 0x92, 0x40, 0x00, 0x00, 0x00, 0x00, 0x00,
  0x00, 0x12, 0x49, 0x00, 0x92, 0x01, 0x24, 0x00, 0x00, 0x00, 0x00, 0x00, 0x00, 0x00, 0x24, 0x80,
  0x01, 0x24, 0x02, 0x48, 0x20, 0x00, 0x00, 0x00, 0x00, 0x00, 0x00, 0x00, 0x00, 0x00, 0x48, 0x04,
  0x80, 0x00, 0x00, 0x00, 0x00, 0x00, 0x00, 0x00, 0x00, 0x08, 0x00, 0x10, 0x01, 0x00, 0x00, 0x00,
  0x00, 0x00, 0x00, 0x00, 0x00, 0x00, 0x00, 0x00, 0x20, 0x00, 0x00, 0x00, 0x00, 0x00, 0x00, 0x00,
  0x00, 0x00, 0x00, 0x00, 0x00, 0x00, 0x00, 0x80, 0x00, 0x00, 0x00, 0x00, 0x00, 0x00, 0x00, 0x00,
  0x00, 0x00, 0x00, 0x00, 0x00, 0x00, 0x00, 0x00, 0x00, 0x00, 0x00, 0x00, 0x00, 0x00, 0x00, 0x00,
  0x00, 0x00, 0x00, 0x00, 0x00, 0x00, 0x00, 0x00, 0x00, 0x00, 0x00, 0x00, 0x01, 0x00, 0x00, 0x00,
  0x00, 0x00, 0x00, 0x00, 0x00, 0x00, 0x00, 0x00, 0x00, 0x00, 0x00, 0x00, 0x00, 0x00, 0x00, 0x00,
  0x00, 0x00, 0x00, 0x00, 0x00, 0x00, 0x20, 0x10, 0x00, 0x00, 0x00, 0x00, 0x00, 0x00, 0x00, 0x00,
  0x00, 0x00, 0x00, 0x00, 0x00, 0x00, 0x00, 0x00, 0x00, 0x00, 0x00, 0x00, 0x00, 0x00, 0x00, 0x00,
  0x00, 0x00, 0x00, 0x00, 0x00, 0x00, 0x00, 0x00, 0x00, 0x00, 0x00, 0x00, 0x00, 0x00, 0x02, 0x00,
  0x00, 0x00, 0x00, 0x00, 0x00, 0x00, 0x00, 0x00, 0x00, 0x00, 0x00, 0x00, 0x00, 0x00, 0x00, 0x00,
  0x00, 0x00, 0x00, 0x00, 0x00, 0x00, 0x00, 0x00, 0x00, 0x00, 0x00, 0x00, 0x00, 0x00, 0x00, 0x00,
  0x00, 0x00, 0x00, 0x00, 0x00, 0x00, 0x00, 0x00, 0x00, 0x00, 0x00, 0x00, 0x00, 0x00, 0x00, 0x00,
  0x00, 0x00, 0x00, 0x00, 0x00, 0x00, 0x00, 0x00
};

// R3X Cyber Loading Frame 8, 100x120px
const unsigned char bitmap_icon_skull_loading_8 [] PROGMEM = {
  0x00, 0x00, 0x00, 0x00, 0x00, 0x00, 0x00, 0x00, 0x00, 0x00, 0x00, 0x00, 0x00, 0x00, 0x00, 0x00,
  0x00, 0x00, 0x00, 0x00, 0x80, 0x00, 0x00, 0x00, 0x00, 0x00, 0x00, 0x00, 0x00, 0x00, 0x00, 0x00,
  0x00, 0x00, 0x00, 0x00, 0x00, 0x00, 0x00, 0x00, 0x00, 0x00, 0x00, 0x00, 0x00, 0x00, 0x08, 0x00,
  0x00, 0x00, 0x00, 0x00, 0x00, 0x00, 0x00, 0x00, 0x00, 0x40, 0x00, 0x00, 0x00, 0x00, 0x00, 0x00,
  0x00, 0x00, 0x00, 0x00, 0x00, 0x00, 0x10, 0x00, 0x00, 0x02, 0x00, 0x00, 0x00, 0x00, 0x00, 0x00,
  0x00, 0x00, 0x00, 0x20, 0x00, 0x00, 0x00, 0x00, 0x00, 0x00, 0x00, 0x00, 0x00, 0x00, 0x00, 0x00,
  0x40, 0x00, 0x10, 0x00, 0x00, 0x00, 0x00, 0x00, 0x00, 0x00, 0x00, 0x00, 0x04, 0x10, 0x00, 0x20,
  0x00, 0x00, 0x00, 0x10, 0x00, 0x00, 0x40, 0x00, 0x10, 0x08, 0x24, 0x92, 0x41, 0x20, 0x00, 0x00,
  0x24, 0x00, 0x00, 0x90, 0x00, 0x20, 0x02, 0x49, 0x24, 0x80, 0x08, 0x00, 0x00, 0x40, 0x00, 0x00,
  0x20, 0x00, 0x08, 0x04, 0x92, 0x49, 0x00, 0x90, 0x00, 0x00, 0x90, 0x00, 0x00, 0x08, 0x00, 0x02,
  0x49, 0x24, 0x92, 0x49, 0x20, 0x80, 0x01, 0x20, 0x00, 0x00, 0x12, 0x00, 0x00, 0x92, 0x48, 0x04,
  0x92, 0x41, 0x00, 0x02, 0x40, 0x00, 0x00, 0x04, 0x00, 0x09, 0x24, 0x10, 0x01, 0x24, 0x92, 0x00,
  0x04, 0x80, 0x00, 0x00, 0x01, 0x00, 0x80, 0x49, 0x00, 0x00, 0x09, 0x24, 0x80, 0x09, 0x00, 0x00,
  0x00, 0x02, 0x40, 0x24, 0x92, 0x09, 0x24, 0x82, 0x48, 0x20, 0x12, 0x00, 0x00, 0x00, 0x00, 0x80,
  0x49, 0x20, 0x92, 0x49, 0x20, 0x92, 0x40, 0x24, 0x00, 0x00, 0x00, 0x00, 0x20, 0x12, 0x41, 0x24,
  0x92, 0x48, 0x24, 0x80, 0x48, 0x00, 0x00, 0x00, 0x00, 0x40, 0x24, 0x80, 0x49, 0x24, 0x92, 0x09,
  0x00, 0x90, 0x00, 0x00, 0x00, 0x00, 0x10, 0x48, 0x04, 0x90, 0x00, 0x24, 0x82, 0x41, 0x20, 0x00,
  0x00, 0x00, 0x08, 0x24, 0x82, 0x09, 0x00, 0x90, 0x09, 0x24, 0x92, 0x40, 0x00, 0x00, 0x00, 0x00,
  0x09, 0x00, 0x12, 0x09, 0x24, 0x82, 0x49, 0x04, 0x80, 0x00, 0x00, 0x00, 0x04, 0x02, 0x00, 0x04,
  0x12, 0x49, 0x20, 0x80, 0x09, 0x20, 0x00, 0x00, 0x00, 0x00, 0x00, 0x80, 0x01, 0x24, 0x92, 0x48,
  0x00, 0x02, 0x40, 0x00, 0x00, 0x00, 0x12, 0x01, 0x00, 0x02, 0x48, 0x04, 0x90, 0x08, 0x24, 0x92,
  0x00, 0x00, 0x00, 0x00, 0x80, 0x40, 0x00, 0x90, 0x00, 0x24, 0x00, 0x48, 0x04, 0x00, 0x00, 0x00,
  0x01, 0x00, 0x80, 0x01, 0x00, 0x90, 0x08, 0x00, 0x10, 0x08, 0x00, 0x00, 0x00, 0x00, 0x40, 0x00,
  0x00, 0x09, 0x24, 0x80, 0x00, 0x00, 0x12, 0x00, 0x00, 0x00, 0x04, 0x80, 0x09, 0x00, 0x12, 0x49,
  0x00, 0x10, 0x00, 0x24, 0x80, 0x00, 0x00, 0x41, 0x20, 0x02, 0x00, 0x24, 0x92, 0x40, 0x04, 0x00,
  0x09, 0x20, 0x00, 0x00, 0x90, 0x00, 0x24, 0x80, 0x08, 0x00, 0x80, 0x01, 0x00, 0x82, 0x49, 0x00,
  0x00, 0x04, 0x80, 0x49, 0x00, 0x00, 0x00, 0x00, 0x02, 0x40, 0x24, 0x92, 0x00, 0x00, 0x09, 0x24,
  0x92, 0x00, 0x00, 0x90, 0x08, 0x04, 0x92, 0x49, 0x24, 0x00, 0x00, 0x02, 0x49, 0x20, 0x82, 0x01,
  0x24, 0x00, 0x09, 0x24, 0x92, 0x08, 0x00, 0x00, 0x04, 0x92, 0x48, 0x20, 0x10, 0x41, 0x00, 0x02,
  0x49, 0x24, 0x10, 0x00, 0x00, 0x01, 0x24, 0x90, 0x40, 0x00, 0x12, 0x40, 0x20, 0x92, 0x40, 0x20,
  0x00, 0x00, 0x02, 0x49, 0x00, 0x10, 0x41, 0x24, 0x90, 0x40, 0x24, 0x82, 0x00, 0x00, 0x00, 0x04,
  0x00, 0x00, 0x00, 0x12, 0x49, 0x20, 0x00, 0x00, 0x04, 0x10, 0x00, 0x00, 0x01, 0x00, 0x10, 0x00,
  0x24, 0x92, 0x48, 0x00, 0x80, 0x08, 0x20, 0x00, 0x00, 0x02, 0x40, 0x24, 0x00, 0x09, 0x04, 0x92,
  0x01, 0x20, 0x12, 0x40, 0x00, 0x00, 0x04, 0x80, 0x49, 0x00, 0x12, 0x09, 0x24, 0x02, 0x40, 0x24,
  0x00, 0x00, 0x10, 0x01, 0x00, 0x12, 0x08, 0x04, 0x92, 0x49, 0x04, 0x80, 0x08, 0x04, 0x00, 0x04,
  0x82, 0x40, 0x04, 0x90, 0x09, 0x24, 0x92, 0x08, 0x00, 0x12, 0x00, 0x00, 0x08, 0x04, 0x80, 0x41,
  0x00, 0x12, 0x49, 0x24, 0x12, 0x00, 0x24, 0x00, 0x00, 0x00, 0x01, 0x00, 0x02, 0x00, 0x04, 0x92,
  0x48, 0x04, 0x00, 0x08, 0x00, 0x00, 0x00, 0x02, 0x41, 0x04, 0x80, 0x09, 0x04, 0x90, 0x49, 0x04,
  0x12, 0x00, 0x00, 0x01, 0x00, 0x80, 0x49, 0x04, 0x12, 0x49, 0x20, 0x92, 0x48, 0x24, 0x00, 0x00,
  0x00, 0x00, 0x20, 0x92, 0x40, 0x24, 0x92, 0x49, 0x04, 0x90, 0x40, 0x00, 0x00, 0x00, 0x80, 0x00,
  0x24, 0x90, 0x49, 0x24, 0x92, 0x49, 0x20, 0x00, 0x00, 0x00, 0x00, 0x20, 0x00, 0x49, 0x00, 0x92,
  0x09, 0x24, 0x92, 0x40, 0x00, 0x00, 0x00, 0x00, 0x09, 0x00, 0x12, 0x41, 0x24, 0x90, 0x49, 0x04,
  0x80, 0x08, 0x00, 0x00, 0x00, 0x10, 0x00, 0x00, 0x80, 0x49, 0x20, 0x92, 0x00, 0x00, 0x10, 0x00,
  0x00, 0x00, 0x00, 0x82, 0x00, 0x04, 0x82, 0x01, 0x24, 0x00, 0x01, 0x00, 0x80, 0x00, 0x00, 0x01,
  0x20, 0x00, 0x00, 0x24, 0x92, 0x49, 0x00, 0x00, 0x48, 0x00, 0x00, 0x00, 0x10, 0x00, 0x00, 0x00,
  0x09, 0x24, 0x80, 0x00, 0x00, 0x10, 0x00, 0x00, 0x00, 0x00, 0x80, 0x00, 0x00, 0x00, 0x49, 0x00,
  0x80, 0x00, 0x00, 0x80, 0x00, 0x00, 0x00, 0x20, 0x10, 0x08, 0x04, 0x90, 0x01, 0x00, 0x10, 0x40,
  0x20, 0x00, 0x00, 0x90, 0x00, 0x04, 0x00, 0x00, 0x20, 0x00, 0x01, 0x00, 0x10, 0x00, 0x00, 0x00,
  0x00, 0x00, 0x48, 0x00, 0x00, 0x40, 0x00, 0x82, 0x00, 0x00, 0x80, 0x00, 0x00, 0x08, 0x20, 0x02,
  0x08, 0x00, 0x10, 0x01, 0x00, 0x00, 0x41, 0x00, 0x00, 0x00, 0x02, 0x01, 0x04, 0x00, 0x01, 0x24,
  0x02, 0x09, 0x00, 0x80, 0x40, 0x00, 0x00, 0x00, 0x10, 0x01, 0x04, 0x12, 0x09, 0x24, 0x90, 0x08,
  0x04, 0x80, 0x00, 0x00, 0x00, 0x20, 0x12, 0x01, 0x24, 0x82, 0x49, 0x04, 0x80, 0x41, 0x20, 0x00,
  0x00, 0x92, 0x01, 0x04, 0x02, 0x49, 0x04, 0x92, 0x41, 0x00, 0x82, 0x48, 0x00, 0x01, 0x24, 0x12,
  0x41, 0x20, 0x92, 0x09, 0x24, 0x00, 0x49, 0x24, 0x92, 0x00, 0x00, 0x49, 0x00, 0x82, 0x40, 0x04,
  0x02, 0x08, 0x24, 0x10, 0x09, 0x24, 0x00, 0x00, 0x92, 0x49, 0x04, 0x90, 0x09, 0x24, 0x00, 0x49,
  0x20, 0x92, 0x48, 0x00, 0x00, 0x24, 0x90, 0x09, 0x24, 0x02, 0x49, 0x00, 0x92, 0x41, 0x24, 0x90,
  0x00, 0x00, 0x49, 0x24, 0x92, 0x48, 0x04, 0x92, 0x00, 0x24, 0x82, 0x49, 0x00, 0x00, 0x00, 0x12,
  0x48, 0x20, 0x90, 0x01, 0x24, 0x80, 0x49, 0x04, 0x92, 0x00, 0x00, 0x00, 0x04, 0x92, 0x00, 0x20,
  0x02, 0x49, 0x00, 0x90, 0x40, 0x04, 0x10, 0x00, 0x00, 0x09, 0x04, 0x00, 0x40, 0x00, 0x92, 0x00,
  0x20, 0x02, 0x01, 0x00, 0x00, 0x00, 0x02, 0x01, 0x00, 0x92, 0x09, 0x24, 0x02, 0x48, 0x04, 0x00,
  0x00, 0x00, 0x00, 0x00, 0x02, 0x01, 0x20, 0x02, 0x48, 0x00, 0x12, 0x08, 0x00, 0x00, 0x00, 0x00,
  0x01, 0x00, 0x82, 0x40, 0x00, 0x90, 0x09, 0x24, 0x10, 0x08, 0x00, 0x00, 0x00, 0x00, 0x01, 0x04,
  0x80, 0x40, 0x00, 0x12, 0x08, 0x20, 0x00, 0x00, 0x00, 0x00, 0x00, 0x80, 0x40, 0x00, 0x10, 0x00,
  0x20, 0x00, 0x00, 0x00, 0x00, 0x00, 0x00, 0x00, 0x00, 0x80, 0x08, 0x04, 0x00, 0x41, 0x00, 0x00,
  0x00, 0x00, 0x00, 0x00, 0x00, 0x40, 0x20, 0x00, 0x08, 0x20, 0x80, 0x00, 0x20, 0x00, 0x00, 0x00,
  0x00, 0x00, 0x00, 0x01, 0x00, 0x12, 0x09, 0x00, 0x00, 0x48, 0x20, 0x00, 0x00, 0x00, 0x00, 0x20,
  0x90, 0x08, 0x00, 0x92, 0x01, 0x00, 0x90, 0x48, 0x00, 0x00, 0x00, 0x00, 0x01, 0x04, 0x02, 0x40,
  0x24, 0x02, 0x41, 0x00, 0x90, 0x00, 0x00, 0x00, 0x00, 0x00, 0x08, 0x20, 0x90, 0x48, 0x04, 0x02,
  0x00, 0x00, 0x00, 0x00, 0x00, 0x00, 0x00, 0x02, 0x00, 0x20, 0x90, 0x40, 0x04, 0x00, 0x00, 0x00,
  0x00, 0x00, 0x00, 0x00, 0x23, 0x08, 0x73, 0xe2, 0x21, 0x0e, 0x40, 0x00, 0x00, 0x00, 0x00, 0x00,
  0x20, 0x33, 0x80, 0x09, 0xc7, 0x80, 0x1c, 0xc0, 0x40, 0x00, 0x00, 0x00, 0x00, 0x60, 0x21, 0xc0,
  0x17, 0x03, 0xe0, 0x38, 0x40, 0xb1, 0x00, 0x00, 0x00, 0x00, 0x70, 0x00, 0xe0, 0x2c, 0x01, 0xf0,
  0x72, 0x01, 0xe0, 0x00, 0x00, 0x00, 0x0e, 0x3a, 0x06, 0x70, 0xd8, 0x20, 0xfc, 0xe6, 0x07, 0xc0,
  0x00, 0x00, 0x00, 0x03, 0xff, 0x23, 0x39, 0xb0, 0x60, 0x3e, 0xcc, 0x4b, 0xf0, 0x00, 0x00, 0x00,
  0x01, 0xff, 0x91, 0x82, 0x60, 0xf8, 0x1f, 0x18, 0x97, 0xf8, 0x00, 0x00, 0x00, 0x00, 0xfe, 0xd8,
  0xc9, 0xc1, 0xf8, 0x07, 0xb1, 0xbf, 0xf8, 0x00, 0x00, 0x00, 0x00, 0xff, 0xe4, 0x1f, 0x84, 0xfa,
  0x03, 0xc2, 0x7f, 0xdc, 0x00, 0x00, 0x00, 0x00, 0x9f, 0xf6, 0x3e, 0x02, 0xf6, 0x01, 0xe4, 0xff,
  0xc0, 0x00, 0x00, 0x00, 0x00, 0x0f, 0xd0, 0x78, 0x01, 0xf8, 0x60, 0x48, 0xbc, 0x00, 0x00, 0x00,
  0x00, 0x00, 0x0f, 0xe8, 0x74, 0x79, 0xf9, 0xe0, 0x10, 0x7f, 0x00, 0x00, 0x00, 0x00, 0x08, 0x3f,
  0xf0, 0x60, 0x1c, 0x73, 0xcc, 0x26, 0xfe, 0x00, 0x00, 0x00, 0x00, 0x00, 0x30, 0x78, 0x40, 0x8f,
  0x7f, 0x38, 0x4f, 0xd2, 0x10, 0x00, 0x00, 0x00, 0x00, 0x00, 0x3c, 0x00, 0x23, 0xfe, 0x71, 0x87,
  0xe0, 0x00, 0x00, 0x00, 0x00, 0x00, 0x00, 0x2f, 0x04, 0x19, 0xfd, 0xf2, 0x2f, 0x80, 0x04, 0x00,
  0x00, 0x00, 0x00, 0x00, 0x1f, 0x02, 0x0e, 0x7f, 0x84, 0xdf, 0xc0, 0x00, 0x00, 0x00, 0x00, 0x00,
  0x10, 0x1f, 0xd9, 0x03, 0xff, 0x01, 0xbc, 0x60, 0x00, 0x00, 0x00, 0x00, 0x00, 0x00, 0x3f, 0xe4,
  0x01, 0xfc, 0x06, 0x7c, 0x30, 0x00, 0x00, 0x00, 0x00, 0x00, 0x00, 0x30, 0x11, 0x00, 0xf8, 0x0d,
  0xc0, 0x00, 0x00, 0x00, 0x00, 0x00, 0x00, 0x00, 0x20, 0x08, 0x80, 0x78, 0x33, 0x00, 0x00, 0x00,
  0x00, 0x00, 0x00, 0x00, 0x00, 0x00, 0x00, 0x00, 0x70, 0x00, 0x00, 0x00, 0x00, 0x00, 0x00, 0x00,
  0x00, 0x00, 0x00, 0x00, 0x00, 0x00, 0x00, 0xc0, 0x00, 0x80, 0x00, 0x00, 0x00, 0x00, 0x00, 0x00,
  0x00, 0x00, 0x00, 0x00, 0x00, 0x00, 0x00, 0x00, 0x00, 0x00, 0x00, 0x00, 0x00, 0x00, 0x00, 0x00,
  0x00, 0x00, 0x00, 0x00, 0x00, 0x00, 0x00, 0x00, 0x00, 0x00, 0x00, 0x00, 0x01, 0x00, 0x00, 0x00,
  0x00, 0x00, 0x00, 0x00, 0x00, 0x00, 0x00, 0x00, 0x00, 0x00, 0x00, 0x00, 0x00, 0x00, 0x00, 0x00,
  0x00, 0x00, 0x00, 0x00, 0x00, 0x00, 0x20, 0x10, 0x00, 0x00, 0x00, 0x00, 0x00, 0x00, 0x00, 0x00,
  0x00, 0x00, 0x00, 0x00, 0x00, 0x00, 0x00, 0x00, 0x00, 0x00, 0x00, 0x00, 0x00, 0x00, 0x00, 0x00,
  0x00, 0x00, 0x00, 0x00, 0x00, 0x00, 0x00, 0x00, 0x00, 0x00, 0x00, 0x00, 0x00, 0x00, 0x02, 0x00,
  0x00, 0x00, 0x00, 0x00, 0x00, 0x00, 0x00, 0x00, 0x00, 0x00, 0x00, 0x00, 0x00, 0x00, 0x00, 0x00,
  0x00, 0x00, 0x00, 0x00, 0x00, 0x00, 0x00, 0x00, 0x00, 0x00, 0x00, 0x00, 0x00, 0x00, 0x00, 0x00,
  0x00, 0x00, 0x00, 0x00, 0x00, 0x00, 0x00, 0x00, 0x00, 0x00, 0x00, 0x00, 0x00, 0x00, 0x00, 0x00,
  0x00, 0x00, 0x00, 0x00, 0x00, 0x00, 0x00, 0x00
};

// R3X Cyber Loading Frame 9, 100x120px
const unsigned char bitmap_icon_skull_loading_9 [] PROGMEM = {
  0x00, 0x00, 0x00, 0x00, 0x00, 0x00, 0x00, 0x00, 0x00, 0x00, 0x00, 0x00, 0x00, 0x00, 0x00, 0x00,
  0x00, 0x00, 0x00, 0x00, 0x80, 0x00, 0x00, 0x00, 0x00, 0x00, 0x00, 0x00, 0x00, 0x00, 0x00, 0x00,
  0x00, 0x00, 0x00, 0x00, 0x00, 0x00, 0x00, 0x00, 0x00, 0x00, 0x00, 0x00, 0x00, 0x00, 0x08, 0x00,
  0x00, 0x00, 0x00, 0x00, 0x00, 0x00, 0x00, 0x00, 0x00, 0x40, 0x00, 0x00, 0x00, 0x00, 0x00, 0x00,
  0x00, 0x00, 0x00, 0x00, 0x00, 0x00, 0x10, 0x00, 0x00, 0x02, 0x00, 0x00, 0x00, 0x00, 0x00, 0x00,
  0x00, 0x00, 0x00, 0x20, 0x00, 0x00, 0x00, 0x00, 0x00, 0x00, 0x00, 0x00, 0x00, 0x00, 0x00, 0x00,
  0x40, 0x00, 0x10, 0x00, 0x00, 0x00, 0x00, 0x00, 0x00, 0x00, 0x00, 0x00, 0x04, 0x10, 0x00, 0x20,
  0x00, 0x00, 0x00, 0x10, 0x00, 0x00, 0x40, 0x00, 0x10, 0x08, 0x24, 0x92, 0x41, 0x20, 0x00, 0x00,
  0x24, 0x00, 0x00, 0x90, 0x00, 0x20, 0x02, 0x49, 0x24, 0x80, 0x08, 0x00, 0x00, 0x40, 0x00, 0x00,
  0x20, 0x00, 0x08, 0x04, 0x92, 0x49, 0x00, 0x90, 0x00, 0x00, 0x90, 0x00, 0x00, 0x08, 0x00, 0x02,
  0x49, 0x24, 0x92, 0x49, 0x20, 0x80, 0x01, 0x20, 0x00, 0x00, 0x12, 0x00, 0x00, 0x92, 0x48, 0x04,
  0x92, 0x41, 0x00, 0x02, 0x40, 0x00, 0x00, 0x04, 0x00, 0x09, 0x24, 0x10, 0x01, 0x24, 0x92, 0x00,
  0x04, 0x80, 0x00, 0x00, 0x01, 0x00, 0x80, 0x49, 0x00, 0x00, 0x09, 0x24, 0x80, 0x09, 0x00, 0x00,
  0x00, 0x02, 0x40, 0x24, 0x92, 0x09, 0x24, 0x82, 0x48, 0x20, 0x12, 0x00, 0x00, 0x00, 0x00, 0x80,
  0x49, 0x20, 0x92, 0x49, 0x20, 0x92, 0x40, 0x24, 0x00, 0x00, 0x00, 0x00, 0x20, 0x12, 0x41, 0x24,
  0x92, 0x48, 0x24, 0x80, 0x48, 0x00, 0x00, 0x00, 0x00, 0x40, 0x24, 0x80, 0x49, 0x24, 0x92, 0x09,
  0x00, 0x90, 0x00, 0x00, 0x00, 0x00, 0x10, 0x48, 0x04, 0x90, 0x00, 0x24, 0x82, 0x41, 0x20, 0x00,
  0x00, 0x00, 0x08, 0x24, 0x82, 0x09, 0x00, 0x90, 0x09, 0x24, 0x92, 0x40, 0x00, 0x00, 0x00, 0x00,
  0x09, 0x00, 0x12, 0x09, 0x24, 0x82, 0x49, 0x04, 0x80, 0x00, 0x00, 0x00, 0x04, 0x02, 0x00, 0x04,
  0x12, 0x49, 0x20, 0x80, 0x09, 0x20, 0x00, 0x00, 0x00, 0x00, 0x00, 0x80, 0x01, 0x24, 0x92, 0x48,
  0x00, 0x02, 0x40, 0x00, 0x00, 0x00, 0x12, 0x01, 0x00, 0x02, 0x48, 0x04, 0x90, 0x08, 0x24, 0x92,
  0x00, 0x00, 0x00, 0x00, 0x80, 0x40, 0x00, 0x90, 0x00, 0x24, 0x00, 0x48, 0x04, 0x00, 0x00, 0x00,
  0x01, 0x00, 0x80, 0x01, 0x00, 0x90, 0x08, 0x00, 0x10, 0x08, 0x00, 0x00, 0x00, 0x00, 0x40, 0x00,
  0x00, 0x09, 0x24, 0x80, 0x00, 0x00, 0x12, 0x00, 0x00, 0x00, 0x04, 0x80, 0x09, 0x00, 0x12, 0x49,
  0x00, 0x10, 0x00, 0x24, 0x80, 0x00, 0x00, 0x41, 0x20, 0x02, 0x00, 0x24, 0x92, 0x40, 0x04, 0x00,
  0x09, 0x20, 0x00, 0x00, 0x90, 0x00, 0x24, 0x80, 0x08, 0x00, 0x80, 0x01, 0x00, 0x82, 0x49, 0x00,
  0x00, 0x04, 0x80, 0x49, 0x00, 0x00, 0x00, 0x00, 0x02, 0x40, 0x24, 0x92, 0x00, 0x00, 0x09, 0x24,
  0x92, 0x00, 0x00, 0x90, 0x08, 0x04, 0x92, 0x49, 0x24, 0x00, 0x00, 0x02, 0x49, 0x20, 0x82, 0x01,
  0x24, 0x00, 0x09, 0x24, 0x92, 0x08, 0x00, 0x00, 0x04, 0x92, 0x48, 0x20, 0x10, 0x41, 0x00, 0x02,
  0x49, 0x24, 0x10, 0x00, 0x00, 0x01, 0x24, 0x90, 0x40, 0x00, 0x12, 0x40, 0x20, 0x92, 0x40, 0x20,
  0x00, 0x00, 0x02, 0x49, 0x00, 0x10, 0x41, 0x24, 0x90, 0x40, 0x24, 0x82, 0x00, 0x00, 0x00, 0x04,
  0x00, 0x00, 0x00, 0x12, 0x49, 0x20, 0x00, 0x00, 0x04, 0x10, 0x00, 0x00, 0x01, 0x00, 0x10, 0x00,
  0x24, 0x92, 0x48, 0x00, 0x80, 0x08, 0x20, 0x00, 0x00, 0x02, 0x40, 0x24, 0x00, 0x09, 0x04, 0x92,
  0x01, 0x20, 0x12, 0x40, 0x00, 0x00, 0x04, 0x80, 0x49, 0x00, 0x12, 0x09, 0x24, 0x02, 0x40, 0x24,
  0x00, 0x00, 0x10, 0x01, 0x00, 0x12, 0x08, 0x04, 0x92, 0x49, 0x04, 0x80, 0x08, 0x04, 0x00, 0x04,
  0x82, 0x40, 0x04, 0x90, 0x09, 0x24, 0x92, 0x08, 0x00, 0x12, 0x00, 0x00, 0x08, 0x04, 0x80, 0x41,
  0x00, 0x12, 0x49, 0x24, 0x12, 0x00, 0x24, 0x00, 0x00, 0x00, 0x01, 0x00, 0x02, 0x00, 0x04, 0x92,
  0x48, 0x04, 0x00, 0x08, 0x00, 0x00, 0x00, 0x02, 0x41, 0x04, 0x80, 0x09, 0x04, 0x90, 0x49, 0x04,
  0x12, 0x00, 0x00, 0x01, 0x00, 0x80, 0x49, 0x04, 0x12, 0x49, 0x20, 0x92, 0x48, 0x24, 0x00, 0x00,
  0x00, 0x00, 0x20, 0x92, 0x40, 0x24, 0x92, 0x49, 0x04, 0x90, 0x40, 0x00, 0x00, 0x00, 0x80, 0x00,
  0x24, 0x90, 0x49, 0x24, 0x92, 0x49, 0x20, 0x00, 0x00, 0x00, 0x00, 0x20, 0x00, 0x49, 0x00, 0x92,
  0x09, 0x24, 0x92, 0x40, 0x00, 0x00, 0x00, 0x00, 0x09, 0x00, 0x12, 0x41, 0x24, 0x90, 0x49, 0x04,
  0x80, 0x08, 0x00, 0x00, 0x00, 0x10, 0x00, 0x00, 0x80, 0x49, 0x20, 0x92, 0x00, 0x00, 0x10, 0x00,
  0x00, 0x00, 0x00, 0x82, 0x00, 0x04, 0x82, 0x01, 0x24, 0x00, 0x01, 0x00, 0x80, 0x00, 0x00, 0x01,
  0x20, 0x00, 0x00, 0x24, 0x92, 0x49, 0x00, 0x00, 0x48, 0x00, 0x00, 0x00, 0x10, 0x00, 0x00, 0x00,
  0x09, 0x24, 0x80, 0x00, 0x00, 0x10, 0x00, 0x00, 0x00, 0x00, 0x80, 0x00, 0x00, 0x00, 0x49, 0x00,
  0x80, 0x00, 0x00, 0x80, 0x00, 0x00, 0x00, 0x20, 0x10, 0x08, 0x04, 0x90, 0x01, 0x00, 0x10, 0x40,
  0x20, 0x00, 0x00, 0x90, 0x00, 0x04, 0x00, 0x00, 0x20, 0x00, 0x01, 0x00, 0x10, 0x00, 0x00, 0x00,
  0x00, 0x00, 0x48, 0x00, 0x00, 0x40, 0x00, 0x82, 0x00, 0x00, 0x80, 0x00, 0x00, 0x08, 0x20, 0x02,
  0x08, 0x00, 0x10, 0x01, 0x00, 0x00, 0x41, 0x00, 0x00, 0x00, 0x02, 0x01, 0x04, 0x00, 0x01, 0x24,
  0x02, 0x09, 0x00, 0x80, 0x40, 0x00, 0x00, 0x00, 0x10, 0x01, 0x04, 0x12, 0x09, 0x24, 0x90, 0x08,
  0x04, 0x80, 0x00, 0x00, 0x00, 0x20, 0x12, 0x01, 0x24, 0x82, 0x49, 0x04, 0x80, 0x41, 0x20, 0x00,
  0x00, 0x92, 0x01, 0x04, 0x02, 0x49, 0x04, 0x92, 0x41, 0x00, 0x82, 0x48, 0x00, 0x01, 0x24, 0x12,
  0x41, 0x20, 0x92, 0x09, 0x24, 0x00, 0x49, 0x24, 0x92, 0x00, 0x00, 0x49, 0x00, 0x82, 0x40, 0x04,
  0x02, 0x08, 0x24, 0x10, 0x09, 0x24, 0x00, 0x00, 0x92, 0x49, 0x04, 0x90, 0x09, 0x24, 0x00, 0x49,
  0x20, 0x92, 0x48, 0x00, 0x00, 0x24, 0x90, 0x09, 0x24, 0x02, 0x49, 0x00, 0x92, 0x41, 0x24, 0x90,
  0x00, 0x00, 0x49, 0x24, 0x92, 0x48, 0x04, 0x92, 0x00, 0x24, 0x82, 0x49, 0x00, 0x00, 0x00, 0x12,
  0x48, 0x20, 0x90, 0x01, 0x24, 0x80, 0x49, 0x04, 0x92, 0x00, 0x00, 0x00, 0x04, 0x92, 0x00, 0x20,
  0x02, 0x49, 0x00, 0x90, 0x40, 0x04, 0x10, 0x00, 0x00, 0x09, 0x04, 0x00, 0x40, 0x00, 0x92, 0x00,
  0x20, 0x02, 0x01, 0x00, 0x00, 0x00, 0x02, 0x01, 0x00, 0x92, 0x09, 0x24, 0x02, 0x48, 0x04, 0x00,
  0x00, 0x00, 0x00, 0x00, 0x02, 0x01, 0x20, 0x02, 0x48, 0x00, 0x12, 0x08, 0x00, 0x00, 0x00, 0x00,
  0x01, 0x00, 0x82, 0x40, 0x00, 0x90, 0x09, 0x24, 0x10, 0x08, 0x00, 0x00, 0x00, 0x00, 0x01, 0x04,
  0x80, 0x40, 0x00, 0x12, 0x08, 0x20, 0x00, 0x00, 0x00, 0x00, 0x00, 0x80, 0x40, 0x00, 0x10, 0x00,
  0x20, 0x00, 0x00, 0x00, 0x00, 0x00, 0x00, 0x00, 0x00, 0x80, 0x08, 0x04, 0x00, 0x41, 0x00, 0x00,
  0x00, 0x00, 0x00, 0x00, 0x00, 0x40, 0x20, 0x00, 0x08, 0x20, 0x80, 0x00, 0x20, 0x00, 0x00, 0x00,
  0x00, 0x00, 0x00, 0x01, 0x00, 0x12, 0x09, 0x00, 0x00, 0x48, 0x20, 0x00, 0x00, 0x00, 0x00, 0x20,
  0x90, 0x08, 0x00, 0x92, 0x01, 0x00, 0x90, 0x48, 0x00, 0x00, 0x00, 0x00, 0x01, 0x04, 0x02, 0x40,
  0x24, 0x02, 0x41, 0x00, 0x90, 0x00, 0x00, 0x00, 0x00, 0x00, 0x08, 0x20, 0x90, 0x48, 0x04, 0x02,
  0x00, 0x00, 0x00, 0x00, 0x00, 0x00, 0x00, 0x02, 0x00, 0x20, 0x90, 0x40, 0x04, 0x00, 0x00, 0x00,
  0x00, 0x00, 0x00, 0x00, 0x20, 0x00, 0x41, 0x20, 0x00, 0x08, 0x00, 0x00, 0x00, 0x00, 0x00, 0x00,
  0x00, 0x01, 0x00, 0x00, 0x41, 0x00, 0x10, 0x40, 0x00, 0x00, 0x00, 0x00, 0x00, 0x20, 0x00, 0x40,
  0x04, 0x02, 0x40, 0x20, 0x00, 0x01, 0x00, 0x00, 0x00, 0x00, 0x40, 0x00, 0x80, 0x08, 0x00, 0x90,
  0x40, 0x00, 0x80, 0x00, 0x00, 0x00, 0x04, 0x12, 0x00, 0x20, 0x90, 0x00, 0x24, 0x82, 0x01, 0x00,
  0x00, 0x00, 0x00, 0x01, 0x24, 0x02, 0x09, 0x20, 0x00, 0x08, 0x04, 0x02, 0x40, 0x00, 0x00, 0x00,
  0x00, 0x49, 0x00, 0x82, 0x40, 0x20, 0x12, 0x08, 0x04, 0x90, 0x00, 0x00, 0x00, 0x00, 0x92, 0x48,
  0x00, 0x80, 0x48, 0x04, 0x90, 0x09, 0x20, 0x00, 0x00, 0x00, 0x00, 0x24, 0x80, 0x09, 0x04, 0x92,
  0x01, 0x00, 0x12, 0x48, 0x00, 0x00, 0x00, 0x00, 0x09, 0x24, 0x12, 0x00, 0x24, 0x00, 0x40, 0x24,
  0x80, 0x00, 0x00, 0x00, 0x00, 0x02, 0x40, 0x20, 0x00, 0x48, 0x20, 0x00, 0x08, 0x00, 0x00, 0x00,
  0x00, 0x00, 0x04, 0x80, 0x40, 0x20, 0x90, 0x40, 0x00, 0x12, 0x00, 0x00, 0x00, 0x00, 0x00, 0x09,
  0x20, 0x00, 0x08, 0x20, 0x80, 0x00, 0x24, 0x00, 0x00, 0x00, 0x00, 0x00, 0x30, 0x78, 0x40, 0x8f,
  0x7f, 0x38, 0x4f, 0xd2, 0x10, 0x00, 0x00, 0x00, 0x00, 0x00, 0x3c, 0x00, 0x23, 0xfe, 0x71, 0x87,
  0xe0, 0x00, 0x00, 0x00, 0x00, 0x00, 0x00, 0x2f, 0x04, 0x19, 0xfd, 0xf2, 0x2f, 0x80, 0x04, 0x00,
  0x00, 0x00, 0x00, 0x00, 0x1f, 0x02, 0x0e, 0x7f, 0x84, 0xdf, 0xc0, 0x00, 0x00, 0x00, 0x00, 0x00,
  0x10, 0x1f, 0xd9, 0x03, 0xff, 0x01, 0xbc, 0x60, 0x00, 0x00, 0x00, 0x00, 0x00, 0x00, 0x3f, 0xe4,
  0x01, 0xfc, 0x06, 0x7c, 0x30, 0x00, 0x00, 0x00, 0x00, 0x00, 0x00, 0x30, 0x11, 0x00, 0xf8, 0x0d,
  0xc0, 0x00, 0x00, 0x00, 0x00, 0x00, 0x00, 0x00, 0x20, 0x08, 0x80, 0x78, 0x33, 0x00, 0x00, 0x00,
  0x00, 0x00, 0x00, 0x00, 0x00, 0x00, 0x00, 0x00, 0x70, 0x00, 0x00, 0x00, 0x00, 0x00, 0x00, 0x00,
  0x00, 0x00, 0x00, 0x00, 0x00, 0x00, 0x00, 0xc0, 0x00, 0x80, 0x00, 0x00, 0x00, 0x00, 0x00, 0x00,
  0x00, 0x00, 0x00, 0x00, 0x00, 0x00, 0x00, 0x00, 0x00, 0x00, 0x00, 0x00, 0x00, 0x00, 0x00, 0x00,
  0x00, 0x00, 0x00, 0x00, 0x00, 0x00, 0x00, 0x00, 0x00, 0x00, 0x00, 0x04, 0x03, 0x00, 0x00, 0x00,
  0x00, 0x00, 0x00, 0x00, 0x00, 0x00, 0x00, 0x00, 0x00, 0x20, 0x00, 0x00, 0x00, 0x00, 0x00, 0x00,
  0x00, 0x00, 0x00, 0x00, 0x00, 0x00, 0x20, 0x10, 0x00, 0x00, 0x00, 0x00, 0x00, 0x00, 0x00, 0x00,
  0x00, 0x00, 0x00, 0x00, 0x00, 0x00, 0x00, 0x00, 0x00, 0x00, 0x00, 0x00, 0x00, 0x00, 0x00, 0x00,
  0x20, 0x00, 0x00, 0x00, 0x00, 0x00, 0x00, 0x00, 0x00, 0x00, 0x00, 0x00, 0x00, 0x00, 0x02, 0x00,
  0x00, 0x00, 0x00, 0x00, 0x00, 0x00, 0x00, 0x00, 0x00, 0x00, 0x00, 0x00, 0x00, 0x00, 0x00, 0x00,
  0x00, 0x00, 0x00, 0x00, 0x00, 0x00, 0x00, 0x00, 0x00, 0x00, 0x00, 0x00, 0x00, 0x00, 0x00, 0x00,
  0x00, 0x00, 0x00, 0x00, 0x00, 0x00, 0x00, 0x00, 0x00, 0x00, 0x00, 0x00, 0x00, 0x00, 0x00, 0x00,
  0x00, 0x00, 0x00, 0x00, 0x00, 0x00, 0x00, 0x00
};

// R3X Cyber Loading Frame 10, 100x120px
const unsigned char bitmap_icon_skull_loading_10 [] PROGMEM = {
  0x00, 0x00, 0x00, 0x00, 0x00, 0x00, 0x00, 0x00, 0x00, 0x00, 0x00, 0x00, 0x00, 0x00, 0x00, 0x00,
  0x00, 0x00, 0x00, 0x00, 0x80, 0x00, 0x00, 0x00, 0x00, 0x00, 0x00, 0x00, 0x00, 0x00, 0x00, 0x00,
  0x00, 0x00, 0x00, 0x00, 0x00, 0x00, 0x00, 0x00, 0x00, 0x00, 0x00, 0x00, 0x00, 0x00, 0x08, 0x00,
  0x00, 0x00, 0x00, 0x00, 0x00, 0x00, 0x00, 0x00, 0x00, 0x40, 0x00, 0x00, 0x00, 0x00, 0x00, 0x00,
  0x00, 0x00, 0x00, 0x00, 0x00, 0x10, 0x70, 0x00, 0x02, 0x03, 0x00, 0x00, 0x00, 0x00, 0x00, 0x00,
  0x00, 0x00, 0x00, 0xf0, 0x04, 0x32, 0x03, 0x00, 0x00, 0x00, 0x00, 0x00, 0x00, 0x00, 0x00, 0x00,
  0xf0, 0x00, 0x38, 0x00, 0x00, 0x00, 0x00, 0x00, 0x00, 0xc0, 0x00, 0x00, 0x0c, 0x7c, 0x02, 0xf8,
  0x00, 0x00, 0x00, 0x18, 0x00, 0x00, 0xe0, 0x00, 0x30, 0x1c, 0x35, 0xb3, 0xe1, 0x68, 0x00, 0x00,
  0x3c, 0x00, 0x00, 0xf0, 0x00, 0x38, 0x0f, 0x7f, 0xff, 0xc0, 0x38, 0x90, 0x00, 0x70, 0x00, 0x00,
  0x78, 0x00, 0x0e, 0x0f, 0xff, 0xff, 0xc1, 0xf0, 0x00, 0x00, 0xf0, 0x00, 0x00, 0x3c, 0x00, 0x07,
  0xef, 0xff, 0xff, 0xfb, 0xe0, 0x80, 0x01, 0xe0, 0x00, 0x00, 0x1e, 0x00, 0x0b, 0xff, 0xf8, 0x07,
  0xff, 0xf3, 0x80, 0x03, 0xc0, 0x00, 0x00, 0x0f, 0x01, 0x09, 0xff, 0x30, 0x07, 0xef, 0xff, 0x84,
  0x07, 0x80, 0x00, 0x00, 0x07, 0x81, 0xc9, 0xfb, 0x80, 0x00, 0x39, 0xff, 0x80, 0x1f, 0x00, 0x00,
  0x00, 0x03, 0xc0, 0xff, 0xfe, 0x1f, 0xff, 0x87, 0x7e, 0x30, 0x1e, 0x00, 0x00, 0x00, 0x01, 0xe0,
  0x7f, 0xf8, 0xff, 0xff, 0xf1, 0xff, 0xe0, 0x3c, 0x00, 0x00, 0x00, 0x00, 0xf0, 0x3e, 0x73, 0xff,
  0xff, 0xfc, 0x7f, 0xc1, 0x78, 0x00, 0x00, 0x00, 0x00, 0xf0, 0x3d, 0x8d, 0xff, 0xff, 0xff, 0x3f,
  0xc2, 0xf0, 0x00, 0x00, 0x00, 0x10, 0x78, 0xfe, 0x17, 0xf0, 0x00, 0xff, 0x8f, 0xf1, 0xe0, 0x00,
  0x00, 0x00, 0x08, 0x3e, 0xee, 0x2f, 0x81, 0xf8, 0x1f, 0xe7, 0xf3, 0xc0, 0x00, 0x00, 0x00, 0x0c,
  0x1f, 0x18, 0x3e, 0x1f, 0xff, 0x87, 0xed, 0x87, 0xe0, 0x00, 0x00, 0x00, 0x04, 0x0f, 0x00, 0x1c,
  0x7f, 0xff, 0xe1, 0xc0, 0x0f, 0x20, 0x00, 0x00, 0x00, 0x02, 0x03, 0x80, 0x01, 0xff, 0xff, 0xf8,
  0x80, 0x0e, 0x40, 0x01, 0x00, 0x00, 0x33, 0x03, 0xc0, 0x02, 0xfe, 0x07, 0xfc, 0x0c, 0x7e, 0x9b,
  0x02, 0x00, 0x00, 0x19, 0xc1, 0xf0, 0x03, 0xf0, 0x00, 0xfc, 0x00, 0x7c, 0x1e, 0x00, 0x00, 0x00,
  0x01, 0xc0, 0xe0, 0x01, 0xc3, 0xfc, 0x38, 0x00, 0x38, 0x3c, 0x00, 0x00, 0x01, 0x01, 0xe0, 0x50,
  0x00, 0x9f, 0xff, 0x80, 0x00, 0xd0, 0x3f, 0x00, 0x00, 0x00, 0xc7, 0xe0, 0x19, 0x00, 0x3f, 0xff,
  0xc0, 0x19, 0x80, 0x3f, 0xe0, 0x00, 0x00, 0xc3, 0xf8, 0x0f, 0x84, 0x3f, 0xff, 0xc2, 0x1f, 0x00,
  0x9f, 0xf1, 0x00, 0x00, 0x9c, 0x10, 0x3e, 0xc0, 0x1c, 0x03, 0x80, 0x17, 0x80, 0x87, 0xff, 0x00,
  0x00, 0x1f, 0x80, 0xff, 0x80, 0x08, 0x20, 0x80, 0x0f, 0xf0, 0x3f, 0xfe, 0x00, 0x00, 0x0f, 0xff,
  0xff, 0x80, 0x01, 0xf8, 0x0a, 0x1f, 0xff, 0xff, 0x3c, 0x00, 0x00, 0x03, 0xff, 0xfb, 0x82, 0x03,
  0xfc, 0x04, 0x1d, 0xff, 0xff, 0x3e, 0x00, 0x00, 0x07, 0xff, 0xfe, 0x60, 0x10, 0xf1, 0x00, 0x47,
  0xff, 0xff, 0x3c, 0x00, 0x00, 0x07, 0xff, 0xf8, 0x70, 0x00, 0x77, 0xc0, 0x61, 0xff, 0xf6, 0x78,
  0x00, 0x00, 0x07, 0x7f, 0xc0, 0x18, 0xc7, 0x6f, 0xf1, 0xc0, 0x3f, 0xee, 0x30, 0x00, 0x00, 0x07,
  0x00, 0x00, 0x09, 0x1f, 0x6f, 0xf8, 0x00, 0x02, 0x0e, 0x30, 0x00, 0x00, 0x07, 0xc0, 0x18, 0x02,
  0x3f, 0xbf, 0xfc, 0x01, 0x80, 0x3e, 0x61, 0x00, 0x00, 0x07, 0xc0, 0x7e, 0x04, 0x3f, 0x9f, 0xfe,
  0x07, 0xe0, 0x3e, 0x40, 0x00, 0x00, 0x07, 0xc0, 0x7f, 0x08, 0x7f, 0x9f, 0xff, 0x0f, 0xe0, 0x3e,
  0x04, 0x00, 0x18, 0x07, 0xc0, 0x1f, 0x88, 0x5f, 0xdf, 0xff, 0x9f, 0x80, 0x3e, 0x0c, 0x00, 0x0c,
  0x87, 0xc0, 0x07, 0x90, 0x1f, 0xff, 0xff, 0x9e, 0x00, 0x3e, 0x30, 0x00, 0x0c, 0x07, 0xc0, 0x47,
  0x80, 0x1f, 0xff, 0xfe, 0x1e, 0x00, 0x3e, 0x40, 0x00, 0x00, 0x07, 0xc1, 0x07, 0x80, 0x1f, 0xff,
  0xfe, 0x9e, 0x0c, 0x3e, 0x00, 0x00, 0x01, 0x07, 0xc1, 0x8f, 0x80, 0x1f, 0xdf, 0xfc, 0xdf, 0x1c,
  0x3e, 0x00, 0x00, 0x01, 0x03, 0xc1, 0xff, 0xc4, 0x7f, 0xff, 0xfb, 0xff, 0xf8, 0x3c, 0x00, 0x00,
  0x00, 0x80, 0xe1, 0xff, 0xc4, 0x7f, 0xff, 0xef, 0xdf, 0xf8, 0x70, 0x00, 0x00, 0x00, 0xc0, 0x20,
  0xff, 0xd4, 0xff, 0xbf, 0xff, 0xdf, 0xf0, 0x40, 0x00, 0x00, 0x00, 0xf0, 0x00, 0x7f, 0xc0, 0xbf,
  0xbf, 0x7f, 0xff, 0xf0, 0x08, 0x00, 0x00, 0x00, 0x39, 0x80, 0x3f, 0xc7, 0xff, 0xbd, 0xff, 0x1f,
  0xc0, 0x18, 0x00, 0x00, 0x00, 0x11, 0x80, 0x08, 0x80, 0x7f, 0xb3, 0xff, 0x10, 0x00, 0x18, 0x80,
  0x00, 0x00, 0x11, 0x8a, 0x00, 0x05, 0x8f, 0x27, 0xff, 0x00, 0x01, 0x18, 0x80, 0x00, 0x00, 0x11,
  0xa8, 0x00, 0x00, 0x7f, 0xdf, 0xf9, 0x80, 0x01, 0x58, 0x80, 0x00, 0x00, 0x11, 0xa0, 0x00, 0x00,
  0x1f, 0x3f, 0xc0, 0x80, 0x00, 0x58, 0x80, 0x00, 0x00, 0x10, 0xa0, 0x00, 0x08, 0x04, 0xfb, 0x01,
  0x80, 0x00, 0x50, 0x80, 0x00, 0x00, 0x10, 0xa1, 0x10, 0x08, 0x0c, 0x98, 0x01, 0x80, 0x10, 0x50,
  0xa0, 0x00, 0x00, 0xd0, 0xa0, 0x1c, 0x08, 0x10, 0x70, 0x01, 0x81, 0x80, 0x50, 0xa0, 0x00, 0x00,
  0x00, 0x20, 0x5e, 0x08, 0x60, 0x70, 0x01, 0x83, 0x80, 0x41, 0xe0, 0x00, 0x00, 0x0a, 0x20, 0x2f,
  0x08, 0x00, 0x78, 0x03, 0x83, 0x00, 0x45, 0xc0, 0x00, 0x00, 0x0a, 0x33, 0x1f, 0x04, 0x03, 0xff,
  0x03, 0x8d, 0x08, 0xc5, 0xc0, 0x00, 0x00, 0x0a, 0x31, 0x13, 0x86, 0x1f, 0x9f, 0xff, 0x9d, 0x88,
  0xc5, 0xc0, 0x00, 0x00, 0x22, 0x30, 0x1f, 0x83, 0xff, 0x8f, 0xff, 0x8f, 0x80, 0xc7, 0xf0, 0x00,
  0x00, 0xba, 0x11, 0x8c, 0x23, 0xff, 0x0f, 0xff, 0x41, 0x10, 0x87, 0xfe, 0x80, 0x01, 0xff, 0x53,
  0xe3, 0xf0, 0xff, 0x0f, 0xfe, 0x6c, 0x7d, 0xbf, 0xff, 0x00, 0x00, 0xff, 0xd9, 0xef, 0xf0, 0x0f,
  0x07, 0x9e, 0xff, 0x79, 0xbf, 0xfc, 0x00, 0x00, 0xff, 0xf9, 0xdf, 0xfc, 0x0f, 0x6f, 0x01, 0xff,
  0xb9, 0xff, 0xfc, 0x00, 0x00, 0xff, 0xfd, 0x9f, 0xfc, 0x0f, 0xff, 0x81, 0xff, 0xd3, 0xff, 0xd8,
  0x00, 0x00, 0xff, 0xfc, 0xbf, 0xf8, 0x0f, 0xff, 0x80, 0xff, 0xc3, 0xff, 0xd8, 0x00, 0x00, 0x3f,
  0xfe, 0x39, 0xf8, 0x07, 0xff, 0x80, 0xf9, 0xc7, 0xff, 0x90, 0x00, 0x00, 0x1f, 0xb6, 0x30, 0xf8,
  0x07, 0xff, 0x80, 0xf0, 0x46, 0xdf, 0x10, 0x00, 0x00, 0x0b, 0x97, 0x00, 0xf0, 0x83, 0xff, 0x90,
  0xf0, 0x0e, 0x91, 0x00, 0x00, 0x00, 0x0a, 0x83, 0x01, 0xf2, 0x0f, 0xff, 0x02, 0xf8, 0x0c, 0x01,
  0x00, 0x00, 0x00, 0x08, 0x03, 0x87, 0xe1, 0x07, 0xfe, 0x01, 0x7e, 0x1c, 0x09, 0x00, 0x00, 0x00,
  0x01, 0x01, 0x8f, 0xe0, 0xc1, 0xfc, 0x09, 0x3f, 0x18, 0x08, 0x00, 0x00, 0x00, 0x00, 0x01, 0xc7,
  0x80, 0x60, 0x00, 0x1a, 0x1e, 0x38, 0x00, 0x00, 0x00, 0x00, 0x00, 0x84, 0xc0, 0x00, 0x38, 0x00,
  0x70, 0x00, 0x32, 0x10, 0x00, 0x00, 0x00, 0x00, 0x00, 0xe0, 0x18, 0x1c, 0x21, 0xe1, 0x80, 0x64,
  0x20, 0x00, 0x00, 0x00, 0x00, 0x40, 0x60, 0x08, 0x2e, 0x63, 0x81, 0x80, 0xe0, 0x20, 0x00, 0x00,
  0x00, 0x00, 0x01, 0x31, 0x08, 0x13, 0x8f, 0x41, 0x00, 0xc8, 0x78, 0x00, 0x00, 0x00, 0x00, 0x21,
  0x98, 0x0c, 0x09, 0xde, 0x03, 0x01, 0x98, 0x78, 0x00, 0x00, 0x00, 0x00, 0x11, 0x9c, 0x62, 0x60,
  0xfe, 0x46, 0x43, 0x98, 0xb8, 0x00, 0x00, 0x00, 0x00, 0x00, 0x0c, 0x21, 0x90, 0x7c, 0x9c, 0x43,
  0x00, 0x00, 0x00, 0x00, 0x00, 0x00, 0x00, 0x06, 0x00, 0x39, 0xf8, 0xc0, 0x86, 0x00, 0x00, 0x00,
  0x00, 0x00, 0x00, 0x00, 0x23, 0x08, 0x73, 0xe2, 0x21, 0x0e, 0x40, 0x00, 0x00, 0x00, 0x00, 0x00,
  0x20, 0x33, 0x80, 0x09, 0xc7, 0x80, 0x1c, 0xc0, 0x40, 0x00, 0x00, 0x00, 0x00, 0x60, 0x21, 0xc0,
  0x17, 0x03, 0xe0, 0x38, 0x40, 0xb1, 0x00, 0x00, 0x00, 0x00, 0x70, 0x00, 0xe0, 0x2c, 0x01, 0xf0,
  0x72, 0x01, 0xe0, 0x00, 0x00, 0x00, 0x0e, 0x3a, 0x06, 0x70, 0xd8, 0x20, 0xfc, 0xe6, 0x07, 0xc0,
  0x00, 0x00, 0x00, 0x03, 0xff, 0x23, 0x39, 0xb0, 0x60, 0x3e, 0xcc, 0x4b, 0xf0, 0x00, 0x00, 0x00,
  0x01, 0xff, 0x91, 0x82, 0x60, 0xf8, 0x1f, 0x18, 0x97, 0xf8, 0x00, 0x00, 0x00, 0x00, 0xfe, 0xd8,
  0xc9, 0xc1, 0xf8, 0x07, 0xb1, 0xbf, 0xf8, 0x00, 0x00, 0x00, 0x00, 0xff, 0xe4, 0x1f, 0x84, 0xfa,
  0x03, 0xc2, 0x7f, 0xdc, 0x00, 0x00, 0x00, 0x00, 0x9f, 0xf6, 0x3e, 0x02, 0xf6, 0x01, 0xe4, 0xff,
  0xc0, 0x00, 0x00, 0x00, 0x00, 0x0f, 0xd0, 0x78, 0x01, 0xf8, 0x60, 0x48, 0xbc, 0x00, 0x00, 0x00,
  0x00, 0x00, 0x0f, 0xe8, 0x74, 0x79, 0xf9, 0xe0, 0x10, 0x7f, 0x00, 0x00, 0x00, 0x00, 0x08, 0x3f,
  0xf0, 0x60, 0x1c, 0x73, 0xcc, 0x26, 0xfe, 0x00, 0x00, 0x00, 0x00, 0x00, 0x30, 0x78, 0x40, 0x8f,
  0x7f, 0x38, 0x4f, 0xd2, 0x10, 0x00, 0x00, 0x00, 0x00, 0x00, 0x3c, 0x00, 0x23, 0xfe, 0x71, 0x87,
  0xe0, 0x00, 0x00, 0x00, 0x00, 0x00, 0x00, 0x2f, 0x04, 0x19, 0xfd, 0xf2, 0x2f, 0x80, 0x04, 0x00,
  0x00, 0x00, 0x00, 0x00, 0x1f, 0x02, 0x0e, 0x7f, 0x84, 0xdf, 0xc0, 0x00, 0x00, 0x00, 0x00, 0x00,
  0x10, 0x1f, 0xd9, 0x03, 0xff, 0x01, 0xbc, 0x60, 0x00, 0x00, 0x00, 0x00, 0x00, 0x00, 0x3f, 0xe4,
  0x01, 0xfc, 0x06, 0x7c, 0x30, 0x00, 0x00, 0x00, 0x00, 0x00, 0x00, 0x30, 0x11, 0x00, 0xf8, 0x0d,
  0xc0, 0x00, 0x00, 0x00, 0x00, 0x00, 0x00, 0x00, 0x20, 0x08, 0x80, 0x78, 0x33, 0x00, 0x00, 0x00,
  0x00, 0x00, 0x00, 0x00, 0x00, 0x00, 0x00, 0x00, 0x70, 0x00, 0x00, 0x00, 0x00, 0x00, 0x00, 0x00,
  0x00, 0x00, 0x00, 0x00, 0x00, 0x00, 0x00, 0xc0, 0x00, 0x80, 0x00, 0x00, 0x00, 0x00, 0x00, 0x00,
  0x00, 0x00, 0x00, 0x00, 0x00, 0x00, 0x00, 0x00, 0x00, 0x00, 0x00, 0x00, 0x00, 0x00, 0x00, 0x00,
  0x00, 0x00, 0x00, 0x00, 0x00, 0x00, 0x00, 0x00, 0x00, 0x00, 0x00, 0x04, 0x03, 0x00, 0x00, 0x00,
  0x00, 0x00, 0x00, 0x00, 0x00, 0x00, 0x00, 0x00, 0x00, 0x20, 0x00, 0x00, 0x00, 0x00, 0x00, 0x00,
  0x00, 0x00, 0x00, 0x00, 0x00, 0x00, 0x20, 0x10, 0x00, 0x00, 0x00, 0x00, 0x00, 0x00, 0x00, 0x00,
  0x00, 0x00, 0x00, 0x00, 0x00, 0x00, 0x00, 0x00, 0x00, 0x00, 0x00, 0x00, 0x00, 0x00, 0x00, 0x00,
  0x20, 0x00, 0x00, 0x00, 0x00, 0x00, 0x00, 0x00, 0x00, 0x00, 0x00, 0x00, 0x00, 0x00, 0x02, 0x00,
  0x00, 0x00, 0x00, 0x00, 0x00, 0x00, 0x00, 0x00, 0x00, 0x00, 0x00, 0x00, 0x00, 0x00, 0x00, 0x00,
  0x00, 0x00, 0x00, 0x00, 0x00, 0x00, 0x00, 0x00, 0x00, 0x00, 0x00, 0x00, 0x00, 0x00, 0x00, 0x00,
  0x00, 0x00, 0x00, 0x00, 0x00, 0x00, 0x00, 0x00, 0x00, 0x00, 0x00, 0x00, 0x00, 0x00, 0x00, 0x00,
  0x00, 0x00, 0x00, 0x00, 0x00, 0x00, 0x00, 0x00
};
